row_id,TRUE,Model 1,Model 2,Model 3,Model 4,Model 5,Model 6,Model 7,Model 8,Model 9,Model 10,Model 11,Model 12,Model 13,Model 14,Model 15,Model 16
3,0.000131801,0.000383818,0.000445458,0.00050474,0.000464355,0.000520231,0.00035554,0.00035554,0.00035554,0.000380482,0.00035554,0.00035554,0.00035554,0.00035554,0.00035554,0.00035554,0.00035554
4,0.000280711,0.000361256,0.000408836,0.000485464,0.00044881,0.000515296,0.000260954,0.00034589,0.000302343,0.000401981,0.000260954,0.000327893,0.000263615,0.000330325,0.000260954,0.000268713,0.000291643
5,0.000405018,0.000336595,0.000374178,0.000496909,0.000471428,0.000513436,0.000260954,0.000421296,0.000358951,0.000429941,0.00032314,0.00037609,0.000265155,0.000380803,0.000260954,0.000296032,0.000337541
6,0.000245613,0.000325609,0.000350056,0.000459922,0.000416469,0.000502748,0.000140859,0.000391095,0.000327656,0.000384157,0.000256619,0.000332209,0.000265839,0.000334587,0.000186482,0.000269209,0.00028973
7,0.000268281,0.000308291,0.000323927,0.000445511,0.00038601,0.000490205,0.000131801,0.000282777,0.000251238,0.000276596,0.000233942,0.000246149,0.000281341,0.000251541,0.000131801,0.000188515,0.000201883
8,0.000207302,0.000288822,0.00029245,0.000455297,0.000406629,0.000490686,0.000131801,0.000325383,0.000266266,0.000273359,0.000260362,0.00029338,0.000300949,0.00027942,0.00013347,0.000186153,0.000213061
9,0.000205922,0.000310577,0.000295062,0.000442327,0.000377993,0.000494274,0.00022417,0.0004058,0.000320912,0.000349725,0.000316328,0.000387828,0.000302764,0.00035882,0.00022336,0.000251416,0.000286064
10,0.000261718,0.000294542,0.000286979,0.000429134,0.000371379,0.000484445,0.000236016,0.000395616,0.000309229,0.000333703,0.000277202,0.000369243,0.000291562,0.000363874,0.0002308,0.000244712,0.000293603
11,0.000215838,0.000302311,0.00028273,0.000422759,0.000370333,0.000487342,0.000223547,0.000385261,0.000295295,0.000340555,0.000253103,0.000364389,0.000280236,0.000380498,0.000240072,0.000252235,0.000309913
12,0.000703466,0.000292226,0.000268483,0.000411739,0.000362358,0.000486399,0.000266068,0.000463804,0.000349901,0.00049762,0.000420423,0.000468118,0.000284948,0.000480843,0.00033058,0.000357478,0.000417088
13,0.000240718,0.00029819,0.000265647,0.000410499,0.00035615,0.000480216,0.000258026,0.000518499,0.000378921,0.000585587,0.000264369,0.000549976,0.000270467,0.000547457,0.000385827,0.000409983,0.0004989
14,0.000242953,0.000340096,0.000345233,0.000399833,0.000348261,0.000480101,0.00015944,0.000407509,0.000318129,0.000481706,0.000317573,0.000513405,0.000236408,0.000487881,0.000323629,0.000312645,0.000440552
15,0.000229403,0.000341821,0.000375852,0.000452433,0.000391514,0.00049388,0.000131801,0.000298616,0.000267108,0.000290357,0.000265105,0.000400051,0.000198056,0.000355449,0.000204676,0.000172703,0.000283207
16,0.000201581,0.000339573,0.000362191,0.000421327,0.000366435,0.000497611,0.000172381,0.000358176,0.000299642,0.000321592,0.00025188,0.000321297,0.000193463,0.000283745,0.00014321,0.000227015,0.000201041
17,0.000249015,0.000318311,0.000340506,0.000423956,0.000371951,0.000497172,0.000187467,0.000364659,0.000312618,0.000372777,0.000276986,0.000310345,0.000169702,0.000295072,0.000153913,0.000242888,0.000230988
18,0.000173731,0.000297675,0.000306129,0.000417341,0.000366257,0.00049247,0.000131801,0.000289847,0.000274898,0.000304933,0.000184817,0.000322494,0.000156937,0.000298184,0.000157398,0.000151237,0.00023825
19,0.000204285,0.000290908,0.000290612,0.000411864,0.000358819,0.000498366,0.000131801,0.000235721,0.000269803,0.000275605,0.000217464,0.000351775,0.000176572,0.000318941,0.000172625,0.000131801,0.000246373
20,0.00022122,0.000325716,0.000298911,0.000400064,0.000363931,0.000479486,0.000137711,0.000284121,0.000320759,0.000392585,0.000286645,0.000391503,0.000223092,0.000384117,0.00022095,0.000164411,0.00030813
21,0.00020689,0.000305273,0.000270805,0.000387931,0.000357089,0.000477634,0.000131801,0.00030479,0.000319348,0.000361105,0.000252057,0.000346037,0.00022028,0.0003378,0.000185513,0.000182196,0.000262254
22,0.000173026,0.000293764,0.000274619,0.000382056,0.000346426,0.000475999,0.000131801,0.000273314,0.000287988,0.000267499,0.000255138,0.000283364,0.000213975,0.000256537,0.000131801,0.000168182,0.000182294
23,0.000205759,0.000282016,0.000260225,0.000375052,0.000350929,0.000475352,0.000131801,0.000320598,0.000324993,0.00035419,0.00022874,0.000357382,0.000209919,0.00032421,0.000186114,0.000204815,0.000253863
24,0.000304771,0.000277257,0.000250406,0.000364859,0.000346775,0.000476463,0.000171872,0.000374619,0.00036477,0.000432527,0.000349618,0.000428173,0.000188473,0.000396574,0.00025666,0.00024261,0.000329613
25,0.000334674,0.000267195,0.000235279,0.000356053,0.000343952,0.000473125,0.000131801,0.000336091,0.000325325,0.000395703,0.000294552,0.000393537,0.000165065,0.000364617,0.000221122,0.000214121,0.000300192
26,0.000171176,0.000253252,0.000214889,0.00035754,0.000347006,0.000474096,0.000131801,0.000291254,0.000283973,0.000359324,0.000228274,0.000365366,0.00016151,0.000333942,0.000190121,0.000186369,0.000267434
27,0.0002037,0.00031235,0.00030664,0.00036315,0.000373092,0.000477805,0.000133366,0.000325316,0.000302553,0.000381304,0.000322573,0.000399145,0.000166741,0.000357624,0.000219324,0.000206017,0.000282446
28,0.000251832,0.000327974,0.000307299,0.000372939,0.000381428,0.000482284,0.000173771,0.000352697,0.000316885,0.000374874,0.000282112,0.000399468,0.000156295,0.000364089,0.00022971,0.000212199,0.000282495
29,0.00023018,0.00031185,0.000286549,0.000358078,0.000360525,0.000480939,0.000162638,0.000321209,0.000290144,0.000342802,0.000279595,0.000345089,0.000152591,0.000325697,0.000191339,0.000208451,0.00024362
30,0.00022652,0.000293154,0.000270739,0.000355834,0.000363839,0.000480656,0.000165322,0.00031043,0.000283702,0.000354107,0.000267697,0.000343073,0.000158359,0.00032932,0.000189879,0.000225008,0.000248489
31,0.000224171,0.000275448,0.000241657,0.000360277,0.000373409,0.000482803,0.000181672,0.00033777,0.000299393,0.000377058,0.000255362,0.000399477,0.000157306,0.000364779,0.000219345,0.000239755,0.000284697
32,0.000267203,0.000276373,0.000235886,0.000356029,0.000367586,0.000481843,0.000134536,0.000295353,0.000269851,0.000324384,0.000316471,0.000401156,0.000149488,0.00033822,0.000185435,0.000194779,0.000261098
33,0.000264708,0.000275764,0.000257036,0.000353675,0.000358383,0.000476727,0.000131801,0.000219371,0.000220313,0.000240185,0.000285742,0.000352134,0.000152317,0.000273037,0.000131801,0.000131801,0.000196204
34,0.000252513,0.000260075,0.000233701,0.000355129,0.000356428,0.000478404,0.000131801,0.000217984,0.000229917,0.000235084,0.000281435,0.000343357,0.000154429,0.000266512,0.000131801,0.000131801,0.000185035
35,0.000188347,0.000249491,0.000229188,0.000359629,0.000366006,0.00048098,0.000131801,0.000259837,0.00026954,0.000270812,0.000267796,0.000358196,0.00013802,0.000300218,0.000145288,0.000131801,0.000217681
36,0.000253201,0.000258374,0.000260756,0.000360941,0.000363697,0.000481522,0.000131801,0.000254588,0.000263569,0.000253795,0.000324053,0.000332305,0.000131801,0.000292463,0.000139164,0.000131801,0.000214851
37,0.000222491,0.000283302,0.000317926,0.000349179,0.000343239,0.000482273,0.000131801,0.000231146,0.000236147,0.000233935,0.000300144,0.00031409,0.000131801,0.000277283,0.000131801,0.000131801,0.000204913
38,0.000196573,0.00026791,0.000289203,0.000342491,0.000330752,0.000480668,0.000138351,0.000260134,0.000242267,0.000289247,0.000275463,0.000365624,0.000131801,0.000311777,0.000161665,0.000131801,0.000244016
39,0.000298344,0.00026424,0.000276938,0.000347788,0.000339808,0.000481565,0.000174781,0.000296167,0.00025057,0.000331165,0.000319269,0.000416903,0.000131801,0.000352358,0.000205042,0.000155639,0.000288518
40,0.000267833,0.000252233,0.000265197,0.000344404,0.000335386,0.000480475,0.000182097,0.00030786,0.000240379,0.000339768,0.000312936,0.000409051,0.000131801,0.000362611,0.000215068,0.000175605,0.000300538
41,0.000362543,0.000244867,0.000265202,0.00034084,0.000331861,0.000478377,0.000209171,0.000335177,0.000252806,0.000377125,0.000308102,0.000392551,0.000135353,0.000384069,0.000238562,0.000218585,0.000322498
42,0.000206019,0.000249122,0.000288945,0.000350068,0.000336869,0.000478837,0.000253801,0.000386534,0.000285584,0.000405938,0.000277168,0.000388299,0.000139396,0.000409507,0.000269838,0.000252468,0.000345145
43,0.000171049,0.000236425,0.000259952,0.000352167,0.000346031,0.000482739,0.000235835,0.000361013,0.000268666,0.000344089,0.000274461,0.000341534,0.000131801,0.000365395,0.000233559,0.000208408,0.000290865
44,0.000181302,0.000234727,0.000246038,0.000365183,0.000347955,0.000486188,0.000161697,0.000274688,0.000214121,0.000248256,0.000287972,0.000267855,0.000131801,0.000279989,0.000146385,0.000131801,0.00019795
45,0.00013355,0.000226307,0.000241917,0.000353651,0.000337808,0.000485407,0.000131801,0.000273248,0.000208525,0.000276652,0.000274952,0.000248732,0.000131801,0.000264527,0.000131801,0.000156425,0.000183244
46,0.000153348,0.000230192,0.000234145,0.000349661,0.00032882,0.000484658,0.000131801,0.000312343,0.000242876,0.000310781,0.000247555,0.000273077,0.000157864,0.000295104,0.000156027,0.000211169,0.000220734
47,7.69e-05,0.000219866,0.000215332,0.000347743,0.00032993,0.000479638,0.000131801,0.000305151,0.000254863,0.000282107,0.000241184,0.00028281,0.000178154,0.000303435,0.000164336,0.000204355,0.000228418
48,0.000426104,0.000233952,0.00021587,0.000339411,0.000312153,0.000476866,0.000131801,0.000277849,0.000258502,0.000294729,0.000353794,0.000298196,0.000203044,0.000319382,0.000167118,0.000201637,0.000240723
49,0.000187168,0.000267223,0.000226175,0.000331959,0.000315488,0.000468655,0.000131801,0.000309392,0.000292906,0.000415619,0.00028618,0.000364629,0.000233274,0.000381685,0.000207319,0.000257459,0.000310532
50,0.000168321,0.000252039,0.000200374,0.000317075,0.000299429,0.000464137,0.000113975,0.000321958,0.000306073,0.000451543,0.000289081,0.000395446,0.000228194,0.000393766,0.000221629,0.000264141,0.000332659
51,0.000157722,0.000247613,0.00019481,0.000353326,0.000331682,0.000472487,7.86e-05,0.000226388,0.000248524,0.000289032,0.000271119,0.000335243,0.000179925,0.000289259,0.000132903,0.000140711,0.000224077
52,0.00015315,0.000237449,0.000184015,0.000336654,0.000324381,0.000474266,7.69e-05,0.000183618,0.000205736,0.000222959,0.000250404,0.000265626,0.000155814,0.000182358,7.69e-05,9.36e-05,0.000112436
53,0.000117331,0.000236473,0.000199745,0.000333979,0.000324083,0.000474902,0.000116149,0.00019936,0.00021584,0.000287455,0.000217633,0.000262348,0.000133168,0.000184204,7.69e-05,0.000114818,0.000125728
54,0.000144438,0.000227236,0.000185811,0.000331414,0.000323971,0.000472072,0.000138922,0.000223395,0.000220429,0.000306741,0.000224851,0.000286587,9.84e-05,0.00020907,7.69e-05,9.12e-05,0.000158885
55,9.32e-05,0.000216446,0.000169822,0.000330913,0.000329669,0.000478582,0.000114499,0.000183292,0.000185355,0.000231906,0.00021514,0.000278519,7.69e-05,0.000187649,7.69e-05,7.69e-05,0.000136094
56,0.000162786,0.000224016,0.000169746,0.000318463,0.000323058,0.000466589,0.000101085,0.00017718,0.000175593,0.000235126,0.000264049,0.000284376,9.86e-05,0.000198115,7.69e-05,7.69e-05,0.000141477
57,0.000170598,0.000213502,0.000154828,0.000316109,0.000323155,0.000464869,0.000121086,0.000228674,0.000209962,0.000312536,0.000250363,0.000333921,0.000120173,0.000268968,0.000110441,8.64e-05,0.00020903
58,0.000197664,0.000238018,0.000163812,0.000306388,0.000312808,0.000462465,0.000132934,0.000288199,0.000243634,0.000363688,0.000250539,0.000342466,0.00014041,0.000313332,0.000152703,0.00015157,0.000253958
59,0.000292018,0.00022589,0.000148246,0.000308898,0.000320343,0.000462518,0.000146647,0.000316894,0.000264649,0.000365211,0.000279639,0.00032797,0.000157252,0.000329292,0.000174673,0.000199256,0.000269457
60,0.000268478,0.00021549,0.000136512,0.000309304,0.000322038,0.000463036,0.000183682,0.000358823,0.000299822,0.000407211,0.000333969,0.000355069,0.000170373,0.00036973,0.000220429,0.0002517,0.000308856
61,0.000238237,0.000206196,0.000128371,0.000311551,0.000323355,0.000466313,0.000193615,0.000373584,0.000313843,0.000424041,0.000247303,0.000361411,0.000165478,0.000378247,0.000233593,0.000274236,0.000320708
62,0.000398697,0.000224139,0.000168357,0.000323171,0.000339939,0.000470569,0.000139835,0.000333625,0.000280522,0.000367856,0.000294869,0.000323386,0.000149014,0.000335107,0.000190052,0.000227256,0.000284344
63,0.00017915,0.000213428,0.000152194,0.000327434,0.000346862,0.000477454,8.81e-05,0.000288328,0.000250309,0.000317899,0.000270627,0.000307797,0.000143112,0.000306175,0.000161477,0.00018541,0.000261407
64,0.000188249,0.000204287,0.000139619,0.000325562,0.000345817,0.0004798,9.32e-05,0.000290516,0.00026485,0.000339701,0.000208549,0.000334218,0.000150766,0.000328534,0.000185546,0.000189184,0.000288867
65,0.000240666,0.000228073,0.000185405,0.000345171,0.0003303,0.000486803,0.000115922,0.000317273,0.000285395,0.000317182,0.000219571,0.000328213,0.000144449,0.000334452,0.00019557,0.000176272,0.000294452
66,0.000238105,0.000219299,0.000174398,0.000325033,0.000338729,0.000488011,0.000122543,0.000342452,0.000287733,0.000328211,0.000232661,0.000299545,0.000157916,0.00032455,0.000183837,0.000203148,0.000287475
67,0.000274413,0.000236103,0.000179929,0.000322711,0.000337159,0.000483388,0.000151616,0.000392074,0.0003048,0.000392593,0.000239144,0.000335656,0.000195667,0.00036201,0.000219285,0.000276355,0.000334149
68,0.000306776,0.000242122,0.00020718,0.000327342,0.000338619,0.000481144,0.000205061,0.000482195,0.000335422,0.000436127,0.000271098,0.000427888,0.000238133,0.000420908,0.000282897,0.00034609,0.000394785
69,0.000358684,0.00024261,0.000226522,0.000328549,0.000338303,0.000483979,0.000233853,0.000499697,0.000336419,0.000409544,0.000339817,0.000493527,0.000277076,0.000445456,0.000314502,0.000362476,0.000411965
70,0.000611488,0.000264921,0.000276429,0.000331671,0.000368624,0.000478146,0.000247505,0.000495113,0.000344136,0.00046582,0.000360486,0.000543615,0.000328123,0.000517247,0.000372504,0.000358695,0.00047496
71,0.000491348,0.000252231,0.000254771,0.000340715,0.000380993,0.000482352,0.000293625,0.000568062,0.00041445,0.000645593,0.000350929,0.000621852,0.000363188,0.000659689,0.000491578,0.000448184,0.000617479
72,0.001083124,0.000532007,0.000541508,0.000355361,0.000390442,0.000488644,0.000333949,0.000679659,0.000489853,0.000801184,0.000534183,0.000677269,0.000372976,0.000747129,0.000574342,0.000575984,0.000716343
73,0.000282867,0.000531356,0.00059491,0.000386087,0.00043028,0.000501084,0.000304344,0.000700291,0.000482353,0.000756797,0.00025726,0.000652675,0.000344625,0.000711707,0.000549816,0.00059198,0.000699184
74,0.00037463,0.000483455,0.000517776,0.00039155,0.000424721,0.000511167,0.000237014,0.000568117,0.000399941,0.000570686,0.000346881,0.000558053,0.000306961,0.000578005,0.000442584,0.000473007,0.000566019
75,0.000353604,0.00059995,0.000548065,0.000474291,0.00044664,0.000537569,0.000209522,0.000404031,0.000299539,0.000243796,0.000281599,0.000444522,0.000243831,0.000351585,0.000240869,0.000262438,0.000313248
76,0.000317143,0.000547057,0.00051222,0.00042221,0.000432457,0.000539254,0.000203757,0.00037901,0.000236373,0.000157547,0.000204004,0.000341558,0.000250704,0.00013243,7.69e-05,0.00025597,8.79e-05
77,0.00041041,0.000554601,0.000582478,0.000434433,0.000439603,0.000538043,0.00019593,0.000353454,0.000220522,0.000299048,0.000184576,0.000333304,0.000273137,0.000234473,0.000116553,0.000259698,0.000222801
78,0.000311928,0.000508583,0.000523032,0.000432905,0.000425762,0.000524955,0.000204011,0.000369681,0.000261765,0.000425065,0.000155127,0.000428946,0.000319775,0.00047175,0.000310286,0.000227609,0.000471373
79,0.000418777,0.000689459,0.000563827,0.000430672,0.000413107,0.000528356,0.000245093,0.000361385,0.000304287,0.000415826,0.000248669,0.000456141,0.00036085,0.000524904,0.000364822,0.000245403,0.000503313
80,0.000315332,0.000632695,0.000553849,0.000429405,0.000442319,0.000498906,0.000259798,0.000401147,0.000328434,0.000480922,0.000263303,0.000411802,0.000413226,0.000470939,0.000300064,0.000306511,0.000443567
81,0.000353642,0.000577339,0.000495392,0.000427062,0.000440612,0.000501234,0.000235621,0.000433902,0.000299798,0.000381139,0.000265334,0.000401043,0.000393312,0.000334649,0.000191456,0.000335469,0.00030932
82,0.000395317,0.000525951,0.00044335,0.000441649,0.000457446,0.000502228,0.000221778,0.000405084,0.000255932,0.000184311,0.000317366,0.000452069,0.000357101,0.000165488,7.69e-05,0.0002739,0.000138234
83,0.000381964,0.000514413,0.000422155,0.000436612,0.00044484,0.000500704,0.00023678,0.000416308,0.000292282,0.000396703,0.000267304,0.000551367,0.000328801,0.000328717,0.000176345,0.000240418,0.000316863
84,0.00068198,0.000478976,0.00042268,0.000441594,0.00044862,0.000502666,0.000227305,0.000447849,0.000358907,0.000568668,0.000432375,0.0005801,0.000309616,0.000524373,0.000352533,0.000261565,0.000523034
85,0.000350787,0.000486617,0.000485782,0.000447269,0.000460746,0.000500927,0.000186693,0.000485066,0.000397922,0.00060147,0.000262531,0.000556178,0.000302248,0.000569392,0.000384248,0.000293135,0.000569209
86,0.000514693,0.000513288,0.000574591,0.00045159,0.000462285,0.000504958,0.000175067,0.000499706,0.000421332,0.000576699,0.000281275,0.00053,0.000294992,0.000544658,0.000375037,0.000336543,0.000538552
87,0.00051649,0.000474687,0.000520635,0.000485477,0.000467425,0.00051268,0.000198903,0.000515474,0.000420915,0.000491898,0.000385311,0.000496802,0.000279491,0.000465503,0.000322997,0.000353125,0.00044813
88,0.000361912,0.000469524,0.000555669,0.000467982,0.000444691,0.000515746,0.000213324,0.000520373,0.000384737,0.000433795,0.000281845,0.000448183,0.000282133,0.000358915,0.000222862,0.000388875,0.000337274
89,0.000375214,0.00045401,0.000519082,0.000491199,0.000465295,0.000519714,0.000230677,0.000472509,0.000354687,0.000474038,0.00026638,0.000409802,0.000287648,0.000388007,0.000247931,0.000358433,0.000379838
90,0.000368143,0.000481112,0.000603763,0.000501128,0.000471652,0.000522585,0.000277725,0.000472224,0.000364915,0.000477423,0.000267903,0.000430345,0.000303483,0.000449751,0.000317077,0.000321178,0.000430413
91,0.000488166,0.000460203,0.000603943,0.000493184,0.000456891,0.000526322,0.000314799,0.0004791,0.000382384,0.000512603,0.000306379,0.000488923,0.000325959,0.000483159,0.000338925,0.000353558,0.000455719
92,0.000309623,0.000425045,0.000556858,0.000489449,0.00045763,0.000511661,0.000286507,0.000480624,0.00037665,0.000536437,0.000273107,0.000474556,0.000353859,0.000481466,0.00032294,0.000378438,0.000461365
93,0.000310063,0.000424229,0.000531921,0.000490852,0.000464798,0.000513422,0.000225849,0.00044524,0.000332853,0.000404065,0.000175854,0.000418066,0.000348883,0.000378838,0.00023699,0.000345744,0.000355939
94,0.000492353,0.000429023,0.000571537,0.000501699,0.000481693,0.000513423,0.000188151,0.000411495,0.000309398,0.000371105,0.000297914,0.00041478,0.000342089,0.000353711,0.000204187,0.000308108,0.000335639
95,0.000332375,0.000394941,0.000503691,0.000476978,0.000460252,0.000506035,0.000167267,0.0004204,0.000319474,0.00045784,0.000258205,0.000434345,0.000340821,0.000406888,0.000240317,0.00031995,0.000401282
96,0.000272545,0.00055283,0.00072363,0.000471125,0.000459937,0.000503481,0.00014682,0.000399092,0.000317362,0.000478554,0.000208564,0.000425145,0.000324591,0.000423578,0.00024921,0.000304605,0.000429299
97,0.000231326,0.00054928,0.000764176,0.000471351,0.000438237,0.00050644,0.000158976,0.000378529,0.000298359,0.000388776,0.000205284,0.000383727,0.000302708,0.000369723,0.000210327,0.00025015,0.000369938
98,0.000269035,0.000500724,0.000662299,0.000460775,0.000424637,0.00050834,0.0002202,0.000396177,0.000288135,0.000337445,0.000210431,0.000350373,0.000303414,0.000310831,0.000173567,0.000265594,0.000303016
99,0.000263754,0.000495732,0.000631611,0.000448993,0.000394622,0.000499021,0.000282803,0.00041669,0.000281009,0.000374062,0.000197149,0.000376241,0.000320929,0.00031274,0.000176919,0.00030156,0.000311831
100,0.000458318,0.000465537,0.000576823,0.000441142,0.000392143,0.000494854,0.000311634,0.000424838,0.000262636,0.000382646,0.000216857,0.000417673,0.000337877,0.000340146,0.000213506,0.000304876,0.000344179
101,0.000303349,0.000430076,0.000525304,0.000441445,0.000390975,0.000495517,0.000333513,0.000416399,0.000255369,0.000361103,0.000240718,0.000452418,0.000363314,0.000376343,0.000259215,0.000294475,0.000373936
102,0.000266679,0.000424693,0.000557524,0.000431964,0.000378351,0.000487233,0.000361792,0.000437844,0.000286903,0.000428767,0.000222833,0.000507233,0.000392554,0.000464354,0.000333468,0.000302125,0.000452897
103,0.000227385,0.000577868,0.000775007,0.000451885,0.000409706,0.000491202,0.000359456,0.000475867,0.000334901,0.000523639,0.000236662,0.000549553,0.000380767,0.000555476,0.000399606,0.000332966,0.000546329
104,0.000905036,0.000654689,0.000766719,0.00043903,0.00039083,0.000492876,0.000310645,0.000518367,0.000354951,0.000551303,0.000447574,0.000509954,0.000358042,0.000534433,0.000379091,0.00039017,0.000535303
105,0.0002791,0.000617089,0.000699953,0.00043603,0.000385384,0.000493606,0.00026341,0.000526882,0.000346946,0.00053142,0.0002184,0.000482107,0.000333332,0.000471396,0.000330476,0.000436438,0.000488676
106,0.000207963,0.000561452,0.000616344,0.000429068,0.000388617,0.000490682,0.000240745,0.000513979,0.000331987,0.000488531,0.000252804,0.000487312,0.000314622,0.000418423,0.000294154,0.000438209,0.000439832
107,0.00040265,0.000522385,0.000602138,0.000503371,0.000463906,0.000514161,0.000227525,0.000444231,0.000301371,0.000301781,0.000295089,0.000431152,0.000264277,0.00035598,0.000231133,0.000244748,0.000350629
108,0.000277564,0.00047937,0.000548441,0.000453792,0.000404567,0.000511375,0.000225404,0.000416881,0.000295925,0.000307929,0.000176898,0.000361133,0.000284416,0.00031654,0.00019367,0.000189752,0.00028912
109,0.000331233,0.000453757,0.000543976,0.000434615,0.000381755,0.000504977,0.000276245,0.000462255,0.000346458,0.000485486,0.000232355,0.000390551,0.000338,0.00038708,0.000262672,0.000335816,0.000369423
110,0.001053117,0.000420696,0.000514365,0.000452326,0.000411311,0.000504184,0.00034613,0.000652743,0.000443138,0.000686532,0.000503619,0.000570261,0.000393336,0.000611949,0.000458402,0.000496086,0.00061205
111,0.000560713,0.00041156,0.000489728,0.000438864,0.000392409,0.000515857,0.000367866,0.000710802,0.000503993,0.000790804,0.000439947,0.000746811,0.000432476,0.000808644,0.000634787,0.000603567,0.000821484
112,0.000679077,0.000393776,0.0004479,0.000424449,0.000394528,0.000491708,0.000335249,0.000632351,0.000486042,0.000751416,0.000526797,0.00071942,0.000478897,0.000762917,0.000596623,0.000590794,0.000767472
113,0.000498868,0.000431563,0.000535416,0.00050952,0.000504971,0.000516056,0.000305889,0.000560744,0.000420519,0.000521412,0.000400485,0.000561847,0.000422373,0.000563898,0.000414634,0.000451762,0.000537874
114,0.000356021,0.000426498,0.000567759,0.00048886,0.000481879,0.000534516,0.00028332,0.00053445,0.000366474,0.000444772,0.00029698,0.000444153,0.000360841,0.000390096,0.000253708,0.000406157,0.000360551
115,0.00030664,0.000409011,0.000561642,0.000511362,0.000514606,0.000540018,0.000256496,0.000454505,0.000313554,0.000420491,0.000200415,0.000411057,0.000292208,0.00032089,0.00018855,0.000337147,0.000320594
116,0.000303419,0.000398495,0.00057845,0.00050447,0.000499066,0.000543834,0.000228762,0.000405919,0.000265293,0.000335853,0.000262939,0.000408956,0.000249304,0.00029279,0.000175234,0.000243403,0.000304046
117,0.000297734,0.000495613,0.000741605,0.000496397,0.000485018,0.000552195,0.000229695,0.000340709,0.000233094,0.000267249,0.000168256,0.000401944,0.000255364,0.000282471,0.000168421,0.000203398,0.000285958
118,0.00036418,0.000454079,0.000642702,0.000475479,0.000446464,0.000521667,0.00024711,0.000346742,0.000242717,0.00035993,0.000189408,0.000397736,0.000324694,0.00034985,0.000205696,0.000216621,0.000347877
119,0.000352922,0.000449401,0.000608507,0.000464396,0.000430297,0.000514668,0.000257709,0.00037334,0.000268939,0.000468879,0.000324489,0.000395153,0.000362261,0.000439047,0.000263682,0.000253558,0.000431611
120,0.000223425,0.000413364,0.000525747,0.000454166,0.00041049,0.000501366,0.000269511,0.000396398,0.000273321,0.000439036,0.00020089,0.000368185,0.000395654,0.000389287,0.000233926,0.000291734,0.000374618
121,0.000352033,0.000503425,0.000683724,0.000457834,0.000396515,0.000496027,0.000313774,0.000427357,0.000276463,0.00034279,0.000210992,0.000392421,0.000405155,0.000307323,0.000172254,0.0003222,0.000282448
122,0.000475379,0.000485166,0.000630115,0.00046001,0.000409058,0.000495966,0.000352667,0.000457361,0.000306392,0.00044219,0.000425954,0.000460975,0.000387191,0.000385948,0.000242398,0.000333728,0.000372149
123,0.000259382,0.00049728,0.00060393,0.000447961,0.000389346,0.000493222,0.000329926,0.000434841,0.000320925,0.000513745,0.000225474,0.000451959,0.000354514,0.000454022,0.000306949,0.000313068,0.000448456
124,0.00027246,0.000455719,0.00053301,0.00046005,0.000415312,0.000493591,0.000262962,0.000388376,0.000300542,0.000442647,0.00021019,0.000398262,0.000313823,0.000396607,0.000255333,0.000257119,0.000390008
125,0.000393864,0.000433661,0.00049365,0.000473039,0.000420405,0.000500737,0.000207101,0.000381497,0.000290945,0.000354204,0.000318572,0.000388899,0.000280076,0.000330523,0.000199655,0.000220673,0.000318543
126,0.000268232,0.00042047,0.000463389,0.000454646,0.000410343,0.000498818,0.000172285,0.000388331,0.000304358,0.000391361,0.00021604,0.000404119,0.000271325,0.000342383,0.000208555,0.000242999,0.000335128
127,0.000304772,0.000389097,0.000423896,0.000453718,0.00040523,0.000493208,0.000150907,0.000385076,0.000324531,0.000441926,0.000197346,0.000399327,0.000269053,0.00038501,0.000242664,0.000258843,0.00038458
128,0.000307693,0.000360492,0.000379543,0.000470138,0.000428409,0.000498987,0.000165296,0.000419328,0.000347864,0.000430677,0.00026147,0.000390603,0.000270032,0.000393939,0.000255329,0.000273625,0.000385295
129,0.000395735,0.000338657,0.000367205,0.000443409,0.000384025,0.000499178,0.000223086,0.000489766,0.000385158,0.00046731,0.000275577,0.000409771,0.000299722,0.0004124,0.000281845,0.000359171,0.000396872
130,0.000368797,0.000349574,0.000357775,0.000442511,0.000387931,0.000491123,0.000272613,0.000533581,0.000405091,0.000504877,0.000263007,0.000442508,0.000331902,0.000447175,0.000317284,0.000412162,0.000430869
131,0.00067758,0.000356467,0.000401328,0.000446272,0.000395514,0.000492218,0.000275516,0.0005221,0.000396506,0.000528784,0.00036811,0.000485984,0.000346063,0.000499768,0.000360339,0.000394773,0.000480135
132,0.000468723,0.00038444,0.000469582,0.000454949,0.00040023,0.000498009,0.000271443,0.000524428,0.000411588,0.000638998,0.00031295,0.000582356,0.000363944,0.000604512,0.00043111,0.000426077,0.000587771
133,0.000438009,0.000361819,0.000453312,0.000454796,0.000401458,0.000496546,0.000292148,0.000582611,0.000445665,0.000688288,0.000298626,0.000612852,0.000377127,0.000631292,0.000464401,0.000485908,0.000613801
134,0.000342382,0.000351569,0.000462271,0.000494275,0.000442076,0.000510344,0.000298187,0.000552124,0.000424298,0.000523714,0.000337448,0.000525228,0.000327798,0.000531233,0.000390486,0.000420929,0.000502981
135,0.000361529,0.000410562,0.000470838,0.000469049,0.000440188,0.000517164,0.000257061,0.000482959,0.000355182,0.000396183,0.000287677,0.000414769,0.000283298,0.00038131,0.000250856,0.000356182,0.000348671
136,0.000360953,0.00039105,0.000467069,0.000466868,0.000450782,0.000521319,0.000218563,0.000440707,0.000303377,0.000404684,0.000246918,0.000381339,0.000262602,0.000331596,0.000196631,0.000335294,0.000313851
137,0.000359115,0.000379543,0.000438154,0.000450505,0.00044591,0.000517165,0.000210285,0.000439978,0.000289582,0.000422579,0.000295997,0.000429401,0.000260487,0.000370007,0.000231545,0.000305564,0.000357906
138,0.000336252,0.00045429,0.000571608,0.000448113,0.000453021,0.000519899,0.000205921,0.000389454,0.000265539,0.000370146,0.000257298,0.000454692,0.000265116,0.000372745,0.000233185,0.000261197,0.000354308
139,0.000415158,0.000436065,0.00052424,0.000440785,0.000450279,0.000507952,0.000206185,0.000367191,0.000248528,0.000335051,0.000233061,0.000413969,0.000310374,0.000349422,0.000206723,0.00024123,0.000320104
140,0.000303323,0.000413279,0.00051925,0.000439392,0.000451016,0.00050465,0.000255493,0.00039093,0.000270816,0.000357256,0.000266032,0.000394177,0.000347158,0.000375701,0.000231696,0.000265925,0.000334868
141,0.000442639,0.000410013,0.000494787,0.000436238,0.000442681,0.000500407,0.000323935,0.000432462,0.000313981,0.000425894,0.000305001,0.000426529,0.000355872,0.000437614,0.000296228,0.000301633,0.000393819
142,0.000300426,0.000378786,0.000436855,0.000446275,0.000454642,0.000502834,0.000331593,0.000425503,0.000317068,0.000435918,0.000219443,0.000439857,0.000327658,0.000450827,0.000308555,0.000289308,0.000411555
143,0.000263335,0.00035244,0.000401767,0.000435675,0.000425518,0.00050138,0.00027765,0.000382264,0.000285845,0.000424065,0.000271351,0.000413052,0.000301185,0.000408552,0.000265398,0.000260537,0.000377972
144,0.000251153,0.000331206,0.00038149,0.000449359,0.000457396,0.000503592,0.000238479,0.000361459,0.000274112,0.0004035,0.00024925,0.000408818,0.000273105,0.000379021,0.000237947,0.000239035,0.000355298
145,0.000304619,0.000309489,0.000343997,0.000440157,0.000440723,0.000501768,0.000224189,0.00039212,0.000290624,0.000417279,0.000202918,0.00042721,0.000253498,0.000369628,0.000235716,0.000252087,0.000351876
146,0.000253759,0.000298616,0.000319244,0.000433597,0.000443967,0.000499874,0.000195135,0.00038844,0.000288725,0.000376593,0.000228852,0.000402893,0.000237912,0.000331218,0.000205458,0.000246208,0.000318329
147,0.000307213,0.000282037,0.000299976,0.000423179,0.000419829,0.000492419,0.000164438,0.000380061,0.000284467,0.000336633,0.000211961,0.000365206,0.000245139,0.00030361,0.000182672,0.000225647,0.000286597
148,0.00016924,0.000282424,0.000292515,0.000427934,0.000432762,0.000494248,0.000175128,0.000395627,0.000307049,0.000331961,0.000184053,0.000390341,0.000262164,0.000328224,0.000215233,0.000225455,0.000294556
149,0.00026926,0.000267178,0.000273355,0.000419505,0.000417117,0.000487414,0.000196905,0.000432994,0.000341809,0.000372467,0.000270487,0.000438473,0.000295659,0.000378715,0.000264801,0.000254666,0.000331797
150,0.000481849,0.000252302,0.000246017,0.000421061,0.000420479,0.000487163,0.000195969,0.000459784,0.000360495,0.000405808,0.000362085,0.000477793,0.000324518,0.000427647,0.000306469,0.000296469,0.000378527
151,0.000243873,0.000280189,0.000252329,0.000406813,0.000398725,0.00048393,0.000208527,0.000517501,0.000397196,0.000499983,0.000280559,0.000544857,0.000370327,0.000500304,0.000372443,0.000396165,0.000451563
152,0.000393874,0.000284721,0.000248498,0.000413087,0.000407977,0.000484439,0.00026595,0.000613376,0.000470482,0.000656355,0.000320662,0.000667759,0.000406184,0.000625214,0.000486879,0.0005341,0.000581365
153,0.000991557,0.000289302,0.000279532,0.000436162,0.00042471,0.000490111,0.000300836,0.000693676,0.000527604,0.000751062,0.000520813,0.000749955,0.000404633,0.000724876,0.000573442,0.000606701,0.000688938
154,0.00042166,0.000273214,0.000256656,0.000415753,0.000405342,0.000492403,0.000262234,0.000656596,0.000511257,0.000770784,0.000362013,0.000727324,0.000384322,0.000715698,0.000555415,0.000602273,0.000687554
155,0.000364832,0.000308358,0.00032799,0.000428635,0.000431933,0.000492367,0.000204623,0.00054119,0.000449984,0.00069976,0.000301093,0.000645295,0.000344891,0.000606913,0.000452081,0.000528575,0.000576661
156,0.00039161,0.000331174,0.000389491,0.0004968,0.000509062,0.000519989,0.000179937,0.00046391,0.000393033,0.000479752,0.00037777,0.000525116,0.000258175,0.000455012,0.000313712,0.000326882,0.0003992
157,0.000204384,0.000339613,0.000428059,0.000460226,0.000456031,0.00053191,0.000157826,0.000395161,0.000335837,0.000375411,0.000364165,0.000384853,0.000210663,0.000306152,0.000171394,0.000245269,0.000243076
158,0.000170766,0.000319035,0.000392774,0.000451741,0.000444955,0.000522372,0.000136723,0.000309894,0.00029102,0.000365732,0.000271208,0.000302963,0.000199719,0.000245771,0.000111086,0.000207516,0.000198363
159,0.000180308,0.000303094,0.000359011,0.000458194,0.000455687,0.000524039,0.000149449,0.000321362,0.000285805,0.000343671,0.000263455,0.000314892,0.000203351,0.000278005,0.00014595,0.000174212,0.000231195
160,0.000235807,0.000288425,0.000333607,0.000436893,0.000424002,0.000525796,0.000180268,0.000315042,0.000294339,0.000338175,0.000298041,0.00035295,0.000232708,0.000331168,0.000192939,0.00018149,0.000272766
161,0.00020687,0.00034072,0.000340082,0.000410571,0.000384002,0.000493251,0.000171507,0.000288639,0.000286632,0.000384823,0.000267403,0.000357319,0.000291776,0.000350792,0.000194792,0.000190997,0.000288815
162,0.000282316,0.000317521,0.000302818,0.000400949,0.000378743,0.000484288,0.000138606,0.000280958,0.000269882,0.000394426,0.000311504,0.000340123,0.000312125,0.000337676,0.000170278,0.000202661,0.000273841
163,0.000191545,0.000297075,0.000272724,0.000399099,0.000376403,0.00048134,0.000140428,0.000305359,0.000275648,0.000395535,0.000258948,0.000339606,0.000314832,0.000329629,0.00016729,0.000231514,0.00026708
164,0.000203863,0.000281549,0.000252236,0.000387455,0.000362331,0.000474319,0.00017228,0.000328191,0.000291202,0.000388644,0.000246282,0.000345241,0.000295281,0.000325256,0.000178333,0.000241395,0.000266811
165,9.94e-05,0.00028223,0.00027974,0.000393826,0.000372302,0.000476462,0.000174073,0.000296132,0.000275868,0.000329549,0.000300386,0.000321927,0.000242077,0.000301899,0.000158866,0.000178642,0.000243487
166,0.000192478,0.000283868,0.000272902,0.000381642,0.000361278,0.000477334,0.000145134,0.0002507,0.000245065,0.00028598,0.000227008,0.000278172,0.000196843,0.000256528,0.000112881,0.000119859,0.000195366
167,0.000200627,0.000268934,0.000248905,0.00038049,0.000357545,0.000478225,0.000134427,0.000248652,0.000238064,0.000290578,0.000183629,0.000271535,0.000168359,0.000245387,0.000103071,0.000114586,0.000185677
168,0.000165445,0.000254045,0.000227244,0.000365876,0.000340338,0.000473046,0.000133419,0.000271409,0.000246094,0.000316121,0.000276174,0.000310615,0.000156357,0.000270822,0.000132991,0.000129337,0.000214354
169,0.000198746,0.000251354,0.000242763,0.000370318,0.000358193,0.000473048,0.000121142,0.000250769,0.000238518,0.000287028,0.000204748,0.000331348,0.000146991,0.000285409,0.000148614,0.000117136,0.000228221
170,0.000253583,0.000241476,0.000226352,0.00036625,0.000347411,0.000470039,0.000125986,0.000256557,0.000243746,0.000270822,0.000233092,0.000316614,0.000158721,0.000290429,0.000154335,0.000124277,0.000224927
171,0.00014274,0.000229918,0.000207056,0.000360897,0.000341789,0.000470022,0.000170958,0.000293584,0.000274916,0.000303728,0.000259678,0.0003162,0.000168103,0.000317335,0.000184076,0.000170628,0.000243364
172,0.000165955,0.000261329,0.000266291,0.000360217,0.000343916,0.000468303,0.000201484,0.000318873,0.000292612,0.000324597,0.000269897,0.000331545,0.000158684,0.000334062,0.000203863,0.000193407,0.000257035
173,0.000217602,0.000247264,0.000243314,0.000369622,0.000335543,0.000474235,0.000181014,0.00029729,0.00026759,0.000277842,0.000293368,0.000329992,0.000135663,0.000305888,0.000176041,0.00017195,0.000227564
174,0.00016797,0.000238166,0.000226533,0.000357574,0.000336891,0.00047323,0.000153247,0.000277089,0.000246372,0.000283097,0.000295335,0.000344081,0.000138072,0.000294938,0.000159809,0.000175323,0.000219536
175,0.00020235,0.000230472,0.000226162,0.000350254,0.000334953,0.000470998,0.000158632,0.000295405,0.000257897,0.000328431,0.000294012,0.000384723,0.000148096,0.000327674,0.000188207,0.000209599,0.000256956
176,0.000317992,0.0002195,0.000201395,0.000354249,0.000338553,0.000472688,0.000165847,0.000320514,0.000271557,0.000334115,0.000328809,0.000404806,0.000147639,0.000354643,0.000211786,0.000222333,0.000284522
177,0.000145908,0.000229437,0.000203713,0.000344322,0.000336653,0.000473076,0.00015319,0.000297936,0.000262803,0.000302991,0.000290707,0.000380753,0.000145103,0.000344439,0.000199218,0.000203311,0.000270731
178,0.000277735,0.000224144,0.000208132,0.000325421,0.000337196,0.000470142,0.000145906,0.00027389,0.000256612,0.000299337,0.00032062,0.000357974,0.000142325,0.000328626,0.000178743,0.000180919,0.000248494
179,0.000254946,0.00022409,0.000222597,0.000334753,0.00036094,0.000475979,0.000147353,0.00028403,0.000259671,0.000309254,0.000310018,0.000363339,0.000122601,0.000325738,0.000171354,0.000171515,0.000243196
180,0.000215183,0.000221216,0.000212035,0.000316878,0.0003331,0.000476748,0.000129869,0.000281733,0.000247369,0.00032251,0.00033177,0.000362536,0.000110061,0.00030903,0.000154777,0.00017855,0.000231069
181,0.000186379,0.000211712,0.000193271,0.000324375,0.000353629,0.000477211,0.000110716,0.000242347,0.000220573,0.000272512,0.000299323,0.00034613,9.86e-05,0.000278931,0.000129425,0.000146224,0.00020472
182,0.000119155,0.000230302,0.000235856,0.000326076,0.000344176,0.000480314,0.000124505,0.000235674,0.000217046,0.000250951,0.000297213,0.000332088,9.46e-05,0.000274171,0.000126874,0.000121159,0.000192921
183,0.000127019,0.000221967,0.000219851,0.000324726,0.000346109,0.000482618,0.000156483,0.000234502,0.000226634,0.000259118,0.000281867,0.000305511,9.26e-05,0.000275547,0.00013144,0.000122294,0.000186665
184,0.000122663,0.000212132,0.000204614,0.000319777,0.000339899,0.000475912,0.000161255,0.000232641,0.00022299,0.000259984,0.000284693,0.000265022,9.32e-05,0.000255263,0.000111613,0.000115093,0.000162677
185,0.000176696,0.000228678,0.00020609,0.000311495,0.000329009,0.000475958,0.000140994,0.000218283,0.000208983,0.000253608,0.000296841,0.000253742,9.09e-05,0.00024226,9.61e-05,0.000109481,0.000149481
186,0.000123072,0.000232973,0.00020381,0.0003064,0.000318333,0.000470593,0.0001248,0.000215919,0.000212345,0.000276566,0.000269307,0.000282815,0.000102887,0.000260343,0.000109045,0.000113552,0.000169162
187,0.000200128,0.000221475,0.000183332,0.000298877,0.000314793,0.000466064,0.000115903,0.000229245,0.000230943,0.000303915,0.000297187,0.00031161,0.000113125,0.000289163,0.000132772,0.00012422,0.00019647
188,0.000140928,0.00023794,0.000187902,0.000301225,0.000319061,0.00046494,0.000102524,0.000235137,0.000248963,0.000302882,0.000309279,0.000309691,0.000113484,0.000293932,0.000135459,0.000127582,0.00019844
189,0.000124382,0.00022603,0.000170799,0.000293943,0.000310895,0.000462615,9.13e-05,0.000246191,0.000267872,0.000318922,0.000283233,0.0002999,0.000110623,0.000290824,0.000132813,0.000141391,0.000194575
190,0.000201715,0.000231653,0.000197326,0.000303588,0.000319426,0.0004651,8.54e-05,0.000254534,0.000285322,0.000323203,0.000308008,0.000300118,9.36e-05,0.000290565,0.000136818,0.000146431,0.000195783
191,0.000121633,0.000226431,0.000203472,0.000298472,0.000315399,0.00046563,7.69e-05,0.000250793,0.000285047,0.000320434,0.000300131,0.000302391,7.69e-05,0.000279218,0.000129841,0.000141034,0.000186255
192,0.000131407,0.000215594,0.000182695,0.000295357,0.000313187,0.00046613,7.69e-05,0.000220521,0.000267638,0.000297084,0.000285341,0.000296184,7.69e-05,0.000252134,0.000108105,0.000126333,0.000160718
193,9.06e-05,0.000207529,0.000171642,0.000302086,0.000314306,0.000465935,7.69e-05,0.000208849,0.000259869,0.000273217,0.000267733,0.000292428,7.69e-05,0.000240124,9.88e-05,0.000107971,0.000145938
194,0.000166366,0.00020935,0.000187906,0.00029453,0.000314046,0.00046728,7.69e-05,0.000223675,0.000277158,0.000309693,0.000292436,0.000306607,7.88e-05,0.00027572,0.000131176,0.000125992,0.000179689
195,0.000151765,0.000201185,0.000172369,0.000290415,0.000297525,0.000464241,7.69e-05,0.000247212,0.000297652,0.000340556,0.00026945,0.000308493,9.33e-05,0.000306261,0.000163095,0.000160973,0.000209972
196,0.000111056,0.000210287,0.000174572,0.00028502,0.000291685,0.000461983,8.11e-05,0.000269718,0.00030493,0.000341535,0.000288598,0.000307165,0.000103902,0.000312536,0.000171933,0.000186131,0.000214635
197,0.000189299,0.000205759,0.000167928,0.000291114,0.000305142,0.000464187,8.29e-05,0.000268314,0.000299748,0.000316623,0.000283467,0.000327268,0.000106223,0.000308604,0.000170023,0.000181006,0.000207308
198,0.000161494,0.000218819,0.000168615,0.000287211,0.00030509,0.000462286,7.69e-05,0.000271429,0.000293279,0.000307167,0.000300057,0.000346033,0.000113011,0.000298306,0.000160195,0.000175435,0.000194894
199,0.000359661,0.000208791,0.000154885,0.000282645,0.000301641,0.000462238,7.69e-05,0.000282428,0.000297557,0.000337526,0.000357273,0.000368431,0.000119537,0.000317828,0.000173986,0.000193287,0.000217837
200,0.000151987,0.000221048,0.000158657,0.000288951,0.000313596,0.000463132,7.69e-05,0.000311396,0.000321712,0.00037354,0.000300107,0.00041243,0.000122301,0.000370709,0.000217997,0.000211428,0.000276058
201,0.000321477,0.000211174,0.000151124,0.000284665,0.000309966,0.000466576,7.69e-05,0.000334509,0.000350698,0.000399023,0.000335023,0.000446771,0.000117837,0.000420632,0.000262248,0.000218955,0.000325757
202,0.000162437,0.000204301,0.000150957,0.00030816,0.000324574,0.000473005,7.69e-05,0.000340846,0.000363836,0.00037654,0.000295389,0.000431301,0.000104402,0.00041968,0.000261994,0.000208619,0.000319809
203,0.00020567,0.000211409,0.000176033,0.00029071,0.00031659,0.000473435,7.69e-05,0.000365261,0.000363072,0.00039743,0.000296177,0.000403572,0.000107722,0.000396052,0.000243694,0.000248615,0.000297353
204,0.000322327,0.000210841,0.000171267,0.000308892,0.000330561,0.000480071,7.69e-05,0.000369669,0.000351478,0.000364105,0.000316849,0.000398624,0.000107171,0.000377524,0.000236679,0.000262753,0.000284319
205,0.000183215,0.000203526,0.000168439,0.000295981,0.000318939,0.000478652,8.6e-05,0.000374166,0.000336512,0.000336754,0.000306692,0.0004124,0.000127353,0.000360844,0.000231154,0.000265703,0.000265453
206,0.00025666,0.000194873,0.00015404,0.000300405,0.000325999,0.000482034,0.000115525,0.000356078,0.000332815,0.000346817,0.000300243,0.000436585,0.000152931,0.000387929,0.000261149,0.000265259,0.00028637
207,0.000292617,0.000186861,0.000140669,0.000312665,0.000346198,0.000478325,0.000149317,0.000381368,0.000354212,0.000389599,0.000336075,0.000468517,0.000184519,0.000449358,0.000310902,0.000262779,0.00033761
208,0.000676015,0.000182546,0.000142453,0.000305245,0.000332355,0.000482344,0.000167851,0.000419327,0.000383694,0.000479326,0.000441664,0.000514812,0.000203831,0.00051393,0.000359958,0.000323369,0.000403852
209,0.00023378,0.000253974,0.000233666,0.00031213,0.000347037,0.00047799,0.000152471,0.0004451,0.000394662,0.000526727,0.000308917,0.00053374,0.000217399,0.000536147,0.000375991,0.000375779,0.000438439
210,0.000193952,0.000245201,0.000236213,0.00032054,0.00035551,0.000482257,0.000116833,0.000412797,0.000372238,0.000454706,0.000290874,0.000511173,0.000199952,0.000496455,0.000345379,0.000331926,0.000399128
211,0.000239798,0.000232225,0.000216146,0.000371888,0.000427752,0.000499885,8.85e-05,0.000334625,0.000335399,0.000311014,0.000320863,0.000457857,0.000153279,0.000412619,0.000268144,0.00021382,0.000299763
212,0.000317758,0.00022047,0.000198674,0.000340416,0.000361312,0.000497852,7.69e-05,0.000325614,0.000319992,0.000327062,0.000314194,0.000384402,0.000143325,0.000331319,0.000189493,0.000214518,0.000218354
213,0.000116466,0.000225185,0.000193788,0.000339219,0.00035681,0.00049623,7.69e-05,0.000326034,0.000316655,0.000382238,0.000211135,0.000350041,0.000134208,0.000321799,0.000177722,0.000247487,0.000226881
214,0.000140007,0.000217047,0.000191864,0.000344814,0.000355867,0.000493037,7.69e-05,0.000341004,0.000319751,0.000393526,0.000231573,0.000384169,0.000134261,0.00035814,0.00021268,0.000233481,0.00027045
215,0.000224679,0.000207004,0.000177937,0.000353655,0.00033617,0.00049964,7.69e-05,0.000322665,0.00031628,0.000342304,0.000241446,0.000402189,0.000149207,0.000375023,0.000229031,0.000213206,0.000281129
216,0.000257032,0.000197651,0.00016089,0.000326642,0.000305948,0.000478407,7.69e-05,0.000294792,0.000308919,0.000323545,0.000322319,0.000367652,0.00020042,0.000350737,0.000204893,0.000199385,0.000245685
217,0.000272092,0.000199771,0.00017616,0.000326181,0.000307905,0.000473583,7.69e-05,0.00025268,0.000298411,0.00030059,0.000278266,0.000334774,0.000213697,0.000313943,0.000170033,0.000178297,0.000191408
218,0.000164762,0.000214907,0.000213286,0.000336012,0.000321383,0.00047444,7.69e-05,0.00026649,0.000312931,0.0003192,0.000256016,0.000334725,0.000207306,0.000311397,0.000169777,0.000171919,0.000181095
219,0.000259063,0.000284096,0.000315737,0.000340885,0.00032227,0.000477319,8.12e-05,0.000294265,0.000341578,0.000359727,0.000305896,0.000352458,0.000186628,0.000339547,0.000198081,0.000178156,0.000211815
220,0.000158587,0.00026643,0.000282261,0.000343874,0.00034681,0.000474401,7.69e-05,0.000298141,0.000352008,0.000371588,0.000311069,0.000359388,0.000157167,0.000350986,0.000208574,0.000173166,0.00023357
221,0.000153495,0.000264319,0.000297406,0.000338932,0.000336102,0.000475813,7.69e-05,0.00027413,0.000336402,0.000358871,0.000257895,0.000349098,0.000124605,0.000333202,0.000189712,0.000164852,0.000224415
222,0.000135261,0.00025322,0.000275361,0.000349869,0.000338961,0.000479562,7.69e-05,0.000253455,0.000322098,0.000343667,0.000238875,0.000344527,9.8e-05,0.000316175,0.000170845,0.00015185,0.0002114
223,9.16e-05,0.00024229,0.000268048,0.000341295,0.00033605,0.000478013,7.69e-05,0.000262256,0.000320977,0.000364051,0.000287476,0.000345879,8.87e-05,0.000311777,0.000164496,0.00016537,0.000210049
224,0.000112599,0.000233197,0.000251058,0.000333218,0.000325205,0.00047481,7.69e-05,0.000263739,0.000318011,0.000367593,0.000258888,0.000333187,8.73e-05,0.000305217,0.00015722,0.000177062,0.000208137
225,0.000149832,0.000222182,0.000228643,0.000328255,0.000316907,0.000468787,7.69e-05,0.000272316,0.000315344,0.000353398,0.000229774,0.000317533,9.75e-05,0.000299155,0.000152517,0.00018141,0.000201023
226,0.000208704,0.000241448,0.00027257,0.000317615,0.000300764,0.000467563,7.69e-05,0.000277139,0.000320102,0.000345416,0.000292511,0.000323516,0.000110324,0.000305388,0.000162622,0.000193957,0.00019952
227,0.000132128,0.000233521,0.00025362,0.000314265,0.00030444,0.000461693,7.69e-05,0.000270498,0.000321869,0.00034189,0.000294961,0.000337448,0.000123066,0.000312346,0.000170066,0.000184415,0.000194934
228,0.000130031,0.000229567,0.000260107,0.000315096,0.000306591,0.000461554,7.69e-05,0.00024333,0.000307699,0.00030622,0.000293593,0.00033363,0.000122925,0.000298346,0.000153904,0.000152157,0.000172587
229,0.000163426,0.000218008,0.00023712,0.000317466,0.000314785,0.000463741,7.69e-05,0.000227568,0.000301108,0.000279943,0.000308877,0.000328198,0.000119424,0.000292892,0.000145564,0.000132241,0.000164598
230,0.000210382,0.000208751,0.00021834,0.000310767,0.000311559,0.00046358,7.69e-05,0.000248939,0.000318996,0.000307463,0.000318231,0.000340516,0.000116655,0.00031385,0.000166322,0.000158862,0.000189037
231,0.000209181,0.00020175,0.00020123,0.000308207,0.000313551,0.000464385,7.69e-05,0.000268327,0.000332814,0.000332827,0.00029326,0.000353891,0.00010255,0.000335938,0.000187005,0.000185775,0.000220164
232,0.000199969,0.000194862,0.000195621,0.000308315,0.000316464,0.000465916,7.69e-05,0.000262864,0.000323303,0.000323215,0.000296588,0.000349833,8.37e-05,0.000337074,0.000183223,0.00017678,0.000229882
233,0.000165794,0.000206902,0.00022514,0.000301073,0.000332429,0.000469013,7.69e-05,0.000246032,0.000308697,0.00030014,0.000279787,0.000339185,7.69e-05,0.000327744,0.000170898,0.00015323,0.000223181
234,5.45e-05,0.000210338,0.000242675,0.000300325,0.000329908,0.000468774,7.69e-05,0.000241393,0.000302274,0.000275069,0.000286096,0.000329085,7.69e-05,0.0003064,0.000155949,0.00013521,0.000199122
235,9.95e-05,0.000201331,0.000226791,0.000301367,0.000330736,0.000470843,7.69e-05,0.000235903,0.00028751,0.000226958,0.000305534,0.000304228,7.69e-05,0.000263356,0.000123753,0.000116779,0.000151186
236,9.52e-05,0.000196834,0.000212596,0.000297914,0.000325707,0.000471951,7.69e-05,0.000239861,0.000269367,0.000184602,0.000325828,0.000278509,7.69e-05,0.000224067,8.97e-05,0.00011588,0.00010724
237,0.000193579,0.000191297,0.000198308,0.000280966,0.000293737,0.000468506,7.4e-05,0.000277254,0.000282576,0.000256582,0.000339692,0.000320396,8.36e-05,0.000278389,0.000144592,0.000167349,0.000164447
238,0.000244573,0.000211216,0.000202777,0.000280927,0.000292123,0.000464174,0.000116771,0.000324587,0.000315065,0.000330312,0.000350839,0.000402929,0.000115651,0.000382225,0.000244096,0.000215034,0.000269224
239,0.000468893,0.00021495,0.000222496,0.000276732,0.000292623,0.000460702,0.000120277,0.000346701,0.000335222,0.000393063,0.000400924,0.000469896,0.00013987,0.000461849,0.000305306,0.000244977,0.000347236
240,0.000343544,0.000236159,0.000269326,0.000282475,0.000304917,0.00046089,9.42e-05,0.000355785,0.000351757,0.000465203,0.00037212,0.000507024,0.000153846,0.000518383,0.000339028,0.000280972,0.000407914
241,0.00020677,0.000230097,0.000269617,0.000287457,0.000311003,0.000462975,8.42e-05,0.00037629,0.000364077,0.000446676,0.000348066,0.000474997,0.000149742,0.000483891,0.000316798,0.000302517,0.000370668
242,0.000195796,0.000365453,0.000431729,0.00031752,0.000359272,0.000477469,8.69e-05,0.000353755,0.000350698,0.000344479,0.000347998,0.000420029,0.000103724,0.000406855,0.000256046,0.000253257,0.000288794
243,0.000158669,0.000351643,0.000438694,0.000319192,0.000357628,0.000486364,6.57e-05,0.000304653,0.000313255,0.000269168,0.000326915,0.000353064,6.06e-05,0.000315813,0.000171887,0.000189906,0.000199236
244,0.000178543,0.000349081,0.000414392,0.000311068,0.000339154,0.000489972,5.45e-05,0.000250047,0.000278745,0.000270744,0.000307743,0.000307701,5.45e-05,0.000268344,0.000122187,0.000154052,0.00016017
245,0.00019234,0.000346924,0.00039806,0.000311248,0.000336612,0.000488169,5.45e-05,0.000246389,0.000279694,0.000306362,0.000288166,0.000331089,5.45e-05,0.000289534,0.000144559,0.000142737,0.000185135
246,0.000147264,0.000326764,0.000385623,0.000306759,0.000328841,0.00048758,5.45e-05,0.000252423,0.000287809,0.000318275,0.000281342,0.000353984,6.03e-05,0.000314314,0.000165808,0.000146843,0.00020778
247,0.000148428,0.000386836,0.00039417,0.000302393,0.000317466,0.000477551,5.45e-05,0.000242524,0.000280027,0.00028913,0.000287671,0.000321042,9.75e-05,0.000301978,0.000150171,0.000144355,0.000192442
248,0.000139035,0.000357303,0.000353756,0.000302312,0.000310573,0.000471637,5.45e-05,0.000244326,0.000277683,0.000258135,0.00029479,0.000288952,0.000131112,0.000288223,0.000135123,0.000149339,0.000172383
249,0.000124451,0.000331622,0.000316347,0.000298642,0.00029796,0.000469907,5.45e-05,0.000263934,0.000296814,0.000273669,0.000293606,0.000306048,0.000148485,0.000305334,0.000154463,0.000172651,0.0001827
250,0.00012746,0.00031053,0.000297258,0.000297503,0.00029755,0.000467681,5.45e-05,0.000272196,0.00030481,0.000288795,0.00030114,0.000321833,0.000145779,0.000309631,0.00016084,0.00018076,0.000186791
251,7.83e-05,0.000291776,0.000274215,0.00029455,0.000292593,0.000467067,5.45e-05,0.000256764,0.000288872,0.000276692,0.000312918,0.000311534,0.000134613,0.000287929,0.000138532,0.000168316,0.000168355
252,0.000108231,0.000311991,0.000276807,0.000292009,0.000289092,0.000465593,5.45e-05,0.000255137,0.000286298,0.000292368,0.000321793,0.000316999,0.0001314,0.00029028,0.000139184,0.000177084,0.000174531
253,0.000123089,0.000298371,0.000262066,0.000290551,0.00028751,0.000462997,5.45e-05,0.000281899,0.000306637,0.000336512,0.000290462,0.000346415,0.000128292,0.00032222,0.000170625,0.000204605,0.000210463
254,0.000124574,0.000280235,0.000242855,0.000283315,0.000281281,0.000460789,5.45e-05,0.00028562,0.000308697,0.000352674,0.000320205,0.000349744,0.000118968,0.000329075,0.00017659,0.000211053,0.000222419
255,0.000199552,0.000264286,0.000224104,0.000281735,0.000281124,0.000459177,5.45e-05,0.000258716,0.00028742,0.000333586,0.000326222,0.000323526,0.00011209,0.000306964,0.000150818,0.000193442,0.000204411
256,0.000174196,0.000254301,0.000225575,0.000280107,0.000280499,0.000458653,5.45e-05,0.000255743,0.000283314,0.000333193,0.000321142,0.000313909,0.000111419,0.000301487,0.000144066,0.000188847,0.000198345
257,0.00011894,0.000249288,0.00021874,0.000278213,0.000278213,0.000459087,5.45e-05,0.000258653,0.00029236,0.000339181,0.00032799,0.000314781,0.000103549,0.000304742,0.000149666,0.000184377,0.000199043
258,0.000133446,0.000285444,0.000286302,0.000285828,0.000269211,0.000460942,5.45e-05,0.000227583,0.000280063,0.000297989,0.000330891,0.000284149,8.24e-05,0.000281835,0.000125667,0.000133754,0.00017329
259,0.000129897,0.000268288,0.000261081,0.000289304,0.000283331,0.000464711,5.45e-05,0.000196247,0.000262709,0.000264798,0.000325842,0.000244583,6.76e-05,0.000257489,9.74e-05,9.85e-05,0.000147666
260,0.00012981,0.00025854,0.000243697,0.000286183,0.000281248,0.000465093,5.45e-05,0.000207848,0.000273602,0.000289893,0.000335618,0.000246243,6.68e-05,0.000268412,0.000110277,0.000119094,0.000160355
261,0.000150635,0.000246483,0.000235258,0.000288306,0.000283307,0.000464647,5.45e-05,0.000228753,0.000283921,0.000301922,0.000316058,0.000264883,6.1e-05,0.000281642,0.000128692,0.000134092,0.000177748
262,5.6e-05,0.000263046,0.000238044,0.000286487,0.000284235,0.000465578,5.45e-05,0.000202193,0.000256291,0.000251273,0.000304655,0.000251399,5.45e-05,0.00025205,0.000103043,0.000103856,0.000151101
263,0.000126131,0.000248102,0.000218907,0.000281864,0.000291473,0.000463393,5.45e-05,0.000171789,0.000230667,0.000217919,0.000315775,0.000235883,6.1e-05,0.000227031,7.87e-05,7.92e-05,0.000125757
264,0.000152159,0.000235713,0.000203348,0.000274589,0.000294085,0.000462101,5.45e-05,0.000204522,0.000249402,0.00025632,0.00032732,0.000265718,7.3e-05,0.000254585,0.00010677,0.000109958,0.000153683
265,0.000181232,0.000224754,0.000188117,0.000259234,0.000278605,0.000460285,7e-05,0.000243949,0.000267686,0.000294428,0.000328015,0.000303358,7.53e-05,0.000283594,0.000138932,0.000148195,0.000189344
266,0.000149332,0.000218239,0.000190948,0.000261729,0.000285215,0.000459458,5.45e-05,0.000216525,0.00024339,0.00024831,0.000318957,0.000304446,6.83e-05,0.000266889,0.000123891,0.000122694,0.000178349
267,0.000172329,0.000231635,0.000225732,0.000262853,0.000287368,0.000460404,5.45e-05,0.000195536,0.000220491,0.000212181,0.000327295,0.000291042,7.05e-05,0.000247951,0.000106574,9.85e-05,0.000156375
268,0.000133621,0.000225096,0.000228371,0.000266567,0.000297458,0.000463041,6.5e-05,0.000212952,0.000229821,0.000231719,0.000318056,0.000299755,7.42e-05,0.000260579,0.000122308,0.00010987,0.000166016
269,0.000154379,0.000214237,0.000210049,0.000263554,0.000290931,0.00046207,7.82e-05,0.000222993,0.00023256,0.000249172,0.000312182,0.000298305,7.02e-05,0.000266431,0.000127991,0.0001093,0.000175478
270,0.000137721,0.000204078,0.000188971,0.000267274,0.000297376,0.00046613,6.92e-05,0.000207091,0.000217431,0.000232427,0.00029274,0.000281093,6.44e-05,0.000258436,0.000117152,9.61e-05,0.000172653
271,0.000118614,0.000199802,0.000193556,0.000264384,0.000292036,0.000466517,9.79e-05,0.000235763,0.000234189,0.000276918,0.000274074,0.000297498,8.09e-05,0.00029579,0.000152121,0.000133201,0.000212544
272,0.000140014,0.00019152,0.000180186,0.000265947,0.000292496,0.000466785,0.000152333,0.000289359,0.000271093,0.000347478,0.000294003,0.000337089,9.51e-05,0.000356457,0.000213629,0.000189616,0.000277343
273,0.000187233,0.000203066,0.000210107,0.000263693,0.000289027,0.000465058,0.000149615,0.000295212,0.000264397,0.000355247,0.000292633,0.000349577,0.000101028,0.000358617,0.000214688,0.000196831,0.000286565
274,0.000159046,0.000215613,0.000210282,0.000261445,0.000289821,0.000464365,0.000108486,0.000269673,0.000232129,0.000333572,0.000287949,0.000337713,0.000114986,0.000326285,0.000179532,0.000189794,0.000260874
275,0.000191704,0.000208897,0.000208045,0.000262408,0.000292186,0.000462746,0.00011573,0.000306606,0.000247912,0.000377194,0.000304028,0.000360586,0.000140811,0.000344479,0.000198498,0.000232629,0.000283075
276,0.000222294,0.000261291,0.000289528,0.000269607,0.000300646,0.000464884,0.000147562,0.000374043,0.000290121,0.00041886,0.000307507,0.000393908,0.000151548,0.000381893,0.000240612,0.000281933,0.000325105
277,0.000282581,0.000248791,0.000276485,0.000269024,0.000296716,0.000465332,0.000125876,0.000372748,0.000285816,0.000373956,0.000293046,0.000368072,0.000153112,0.000358583,0.000221096,0.000271249,0.000306224
278,0.000345353,0.000242126,0.000280648,0.000274216,0.000309961,0.000466718,8.88e-05,0.000334378,0.00026267,0.000309489,0.000297749,0.000329782,0.000164009,0.000319716,0.000183127,0.000233424,0.00026147
279,0.00033897,0.000229078,0.000253607,0.000281174,0.000315354,0.000470205,0.000106301,0.000346459,0.000278965,0.000310261,0.000302974,0.000352906,0.00018279,0.000331011,0.000197865,0.000229886,0.000256155
280,0.000196364,0.000225604,0.000240888,0.000290727,0.000319246,0.000475665,0.000128063,0.000361157,0.000299516,0.000310736,0.000293281,0.000383544,0.000189546,0.000344782,0.000215134,0.000218,0.000259377
281,0.000200412,0.000319911,0.000363854,0.000303079,0.000299896,0.000480891,0.000108717,0.000344176,0.000292341,0.000278297,0.000323818,0.000367159,0.00019476,0.000334733,0.000200555,0.000182181,0.000246548
282,0.000217532,0.00030335,0.000356683,0.000312443,0.000320585,0.000487355,0.0001231,0.000373134,0.000321392,0.000327384,0.000309292,0.000385334,0.000218298,0.000386766,0.0002415,0.000224086,0.000300697
283,0.000416933,0.000290462,0.000352176,0.000304348,0.000319217,0.00048742,0.00020019,0.000485031,0.000406026,0.00051888,0.000310046,0.00049106,0.000253931,0.000516699,0.000361764,0.000378371,0.000442059
284,0.000760039,0.000385037,0.000377753,0.000305853,0.000316967,0.000485915,0.000224067,0.000548963,0.000446016,0.000642588,0.000396833,0.000577454,0.000266665,0.000598874,0.000432852,0.000486378,0.000546616
285,0.000442251,0.00038609,0.000415073,0.000307688,0.00031124,0.00048417,0.000151474,0.00049117,0.000393992,0.000608286,0.000315702,0.000559724,0.000267088,0.000559527,0.000386127,0.000457025,0.000523838
286,0.000250315,0.000460877,0.000549666,0.000329806,0.000363786,0.000487435,0.000101547,0.000391421,0.000332962,0.000504046,0.000293966,0.000502609,0.000258769,0.000465867,0.000297094,0.000355848,0.000425282
287,0.000234243,0.000423621,0.000497924,0.000381166,0.000431342,0.000501568,0.000121756,0.000334941,0.000309312,0.000364563,0.000328584,0.00043508,0.00021133,0.000361545,0.000206742,0.000212099,0.000298104
288,0.000155447,0.000403957,0.000499534,0.000373254,0.000404233,0.000511956,0.000117216,0.000264104,0.000263559,0.000252876,0.000307758,0.000323667,0.000151688,0.000219472,7.86e-05,0.0001007,0.000153685
289,0.000169554,0.000432372,0.000487579,0.000363744,0.000384261,0.000510969,8.49e-05,0.000180345,0.000202899,0.000212377,0.000223888,0.000242582,0.000120501,0.000132954,5.45e-05,5.45e-05,8.47e-05
290,0.000169045,0.000400481,0.000443334,0.000364306,0.000387867,0.000509563,0.00011711,0.000213427,0.000206135,0.000259267,0.000228804,0.000294532,0.000130306,0.000184372,5.45e-05,7.3e-05,0.000146148
291,0.000195875,0.000374485,0.000402766,0.000352882,0.000359419,0.000505111,0.000177243,0.000265479,0.000228946,0.0003046,0.000280886,0.000389245,0.00016405,0.000267217,0.000132891,0.000120706,0.000230975
292,0.000207387,0.000402161,0.000402193,0.000339946,0.000332797,0.000483659,0.000164194,0.00022847,0.000193354,0.000269822,0.000243989,0.000378844,0.000213485,0.000256901,0.000116602,9.94e-05,0.000220563
293,0.000235289,0.000385878,0.0004129,0.000334361,0.000323213,0.00047323,0.000143945,0.000208166,0.000163761,0.000257067,0.00026105,0.000325305,0.000259162,0.00024,8.9e-05,0.000105652,0.000201037
294,0.000319178,0.000373196,0.000427086,0.000335905,0.000321408,0.000471775,0.000221613,0.000301158,0.000227072,0.000370002,0.000301444,0.000358848,0.000287375,0.000326579,0.000175426,0.000204499,0.00028746
295,0.000295872,0.000357727,0.00039946,0.00033777,0.000318445,0.000470362,0.000296681,0.000391548,0.000288818,0.000437287,0.000246833,0.000397231,0.000268341,0.000386014,0.000248439,0.00027389,0.000354553
296,0.000299457,0.000358934,0.000430767,0.000344447,0.000328934,0.000473209,0.000244877,0.000342474,0.000243138,0.000330637,0.00031862,0.000334562,0.000218514,0.000308578,0.000179822,0.000217188,0.000287589
297,0.000239497,0.000384366,0.000501491,0.000358202,0.000350446,0.000478184,0.00015949,0.000262994,0.000184863,0.000257198,0.000247577,0.000272866,0.000188639,0.000251643,0.000114457,0.000138148,0.000235398
298,0.000158479,0.000362077,0.00048226,0.000362294,0.000359441,0.000483056,0.000161072,0.000278287,0.000207728,0.000305484,0.000209682,0.000310624,0.000177451,0.000289685,0.00014902,0.000148477,0.000272336
299,0.000213309,0.000354441,0.000494958,0.000368491,0.000364349,0.000486344,0.000168085,0.000297906,0.000230587,0.000306502,0.000253943,0.000327961,0.000157421,0.000288978,0.000153647,0.000153131,0.000272629
300,0.000165167,0.000342015,0.000463207,0.000366293,0.000358076,0.000487133,0.000124765,0.000266577,0.000205787,0.000220778,0.00018794,0.000270722,0.000153987,0.000220881,8.74e-05,0.000125661,0.000206941
301,0.000282371,0.000362955,0.000449929,0.000357246,0.000344991,0.000485012,0.000145104,0.000298145,0.000227048,0.000256291,0.000192595,0.000268812,0.000195211,0.000243227,0.000106425,0.000184997,0.000228106
302,0.000267888,0.00034794,0.00041553,0.000356698,0.000340383,0.000480755,0.000248344,0.000411434,0.000307294,0.000380154,0.000257893,0.000362973,0.000240497,0.000363199,0.00022889,0.000290733,0.000345604
303,0.000453251,0.000345287,0.000442758,0.000345692,0.000319621,0.000477069,0.00026741,0.000430231,0.000315774,0.00039691,0.000340008,0.000425097,0.000258426,0.000401275,0.000265356,0.000297829,0.000382243
304,0.00016348,0.000354516,0.000486266,0.000351833,0.000319525,0.000476268,0.000190483,0.000348978,0.000254693,0.000328887,0.000242733,0.000417052,0.000274943,0.000356919,0.000207811,0.000236344,0.00034029
305,0.000493723,0.000357877,0.00046178,0.000353275,0.000322497,0.000476936,0.000197014,0.000386845,0.000278416,0.000420484,0.000335505,0.000453276,0.000309112,0.0004115,0.000249302,0.000289857,0.000395659
306,0.000866753,0.000388018,0.000531076,0.000379277,0.000349437,0.00048743,0.000291556,0.000524752,0.00037563,0.000572522,0.000476943,0.000564922,0.000304286,0.000535166,0.00037022,0.000413319,0.000529018
307,0.000378797,0.000359462,0.000478809,0.00035684,0.000325612,0.00048586,0.000292062,0.000556394,0.0003846,0.000610959,0.000350903,0.000569882,0.000273495,0.000542507,0.000380902,0.000446243,0.000555373
308,0.000407461,0.000544228,0.000708385,0.000389077,0.000374594,0.00049611,0.000219069,0.000419446,0.000296918,0.000449659,0.000306301,0.000461614,0.000221324,0.000435667,0.000278049,0.000318964,0.000448747
309,0.000365316,0.000513476,0.000698089,0.000431121,0.000428938,0.000516155,0.000233482,0.000388955,0.000260848,0.000343413,0.000328447,0.000425679,0.000180479,0.000369808,0.000218651,0.000196931,0.000357886
310,0.000538419,0.000469573,0.000610247,0.000398731,0.000394679,0.000525568,0.000292719,0.00043397,0.000270901,0.000440248,0.000365321,0.000446836,0.000173745,0.000362842,0.000219575,0.000257447,0.000354599
311,0.000521261,0.000462076,0.00063812,0.000403627,0.000407229,0.000517244,0.000273412,0.000402239,0.000225825,0.000429537,0.000244149,0.000421165,0.000179235,0.000336349,0.00019568,0.000249282,0.000353673
312,0.000345055,0.000426251,0.000571659,0.000408733,0.000415886,0.000524001,0.000265605,0.000340953,0.000187346,0.000326251,0.000205517,0.000406031,0.000201139,0.000327793,0.00019495,0.000185426,0.0003375
313,0.000237454,0.000482129,0.00068199,0.000431405,0.000444314,0.000530966,0.000376971,0.000370207,0.000244591,0.000354081,0.00022066,0.000448129,0.000248546,0.000395048,0.00026976,0.000212522,0.000372719
314,0.000289834,0.000457096,0.000631202,0.00043119,0.000435099,0.000516497,0.00043954,0.000435104,0.000296088,0.000406239,0.000218096,0.000427916,0.000279197,0.000402236,0.000281904,0.000237966,0.000367032
315,0.000194171,0.000449652,0.000589598,0.000422796,0.000416169,0.000515906,0.000325623,0.000350517,0.000223438,0.000310105,0.000223875,0.000330409,0.000266505,0.000279217,0.000156741,0.000190383,0.000257968
316,0.000382242,0.00041369,0.00051855,0.000412448,0.000395984,0.000507855,0.000205241,0.000299661,0.000174297,0.000295286,0.000169898,0.000326614,0.000292221,0.000231797,0.000103345,0.000202152,0.000232378
317,0.000247546,0.000390643,0.000478603,0.000416301,0.000394711,0.000505959,0.000222023,0.000403438,0.000249526,0.000404398,0.000127051,0.000445739,0.000334324,0.000344177,0.000217269,0.000314872,0.000359346
318,0.000184115,0.000367614,0.000440873,0.000400605,0.000363439,0.000495674,0.000224183,0.000457246,0.000312027,0.000432219,0.00026844,0.000468607,0.000357615,0.000409952,0.00028384,0.000340095,0.000429183
319,0.00027393,0.000351808,0.000439953,0.000411821,0.000366922,0.000489773,0.000144804,0.000370051,0.000283956,0.000294084,0.000167589,0.000322705,0.000362192,0.000336372,0.000203743,0.000232258,0.000344255
320,0.000217229,0.000375467,0.000436419,0.000399037,0.000358425,0.000486481,0.000149866,0.000405529,0.000316362,0.000349944,0.00018512,0.000272447,0.000394523,0.00034099,0.000204006,0.00026682,0.000334593
321,0.000398855,0.000348288,0.000392715,0.000390426,0.00035162,0.000485038,0.000261131,0.000567753,0.000427826,0.000584745,0.000291857,0.000420208,0.000421998,0.000486333,0.000356215,0.00044797,0.00048727
322,0.000719696,0.000328481,0.000377954,0.000397007,0.000356956,0.000482163,0.000280448,0.000639169,0.000455981,0.00066639,0.00038999,0.000544698,0.000423225,0.000572132,0.000443011,0.000508664,0.000591608
323,0.000410898,0.000316529,0.000356399,0.00039507,0.00034792,0.000485642,0.000228764,0.000595284,0.000409832,0.000636574,0.000282255,0.000571392,0.000449739,0.000581236,0.000448655,0.000511791,0.00060911
324,0.000521561,0.000368825,0.000448469,0.000412594,0.000349534,0.000485261,0.000314968,0.000673619,0.000477174,0.000763278,0.000327206,0.000659349,0.000508177,0.000692343,0.000556084,0.000615875,0.000710884
325,0.00110725,0.000423613,0.000555228,0.000459748,0.000434023,0.000501008,0.000468227,0.000853915,0.000605604,0.000905656,0.000506257,0.000766934,0.000500441,0.000833127,0.000696671,0.000718596,0.0008439
326,0.00044984,0.000407596,0.000514116,0.000447173,0.000402009,0.000511698,0.00044079,0.000843103,0.00059643,0.000873899,0.000344748,0.000699369,0.000448053,0.000787419,0.000651614,0.000688876,0.000800997
327,0.000789055,0.000377058,0.000467433,0.00046699,0.000429873,0.000516804,0.000305055,0.00068489,0.00049429,0.000732813,0.000392268,0.000574441,0.000410851,0.000632979,0.000497155,0.000588817,0.00064756
328,0.000436887,0.000443043,0.000475919,0.000544654,0.000495592,0.000546415,0.000289252,0.000694802,0.000489293,0.000625727,0.000347668,0.000607029,0.000381434,0.000586601,0.00045455,0.000507045,0.00058016
329,0.000388476,0.000408319,0.000424501,0.000508133,0.000475651,0.000558629,0.000316963,0.000759725,0.000526446,0.000717759,0.000382637,0.000676729,0.000398922,0.00061823,0.000487658,0.000589704,0.000606567
330,0.000989275,0.000488895,0.000437799,0.000540605,0.000474825,0.000551811,0.000252379,0.000669296,0.000479384,0.000628484,0.000353041,0.000619708,0.000419805,0.000582962,0.000441164,0.0005506,0.000588691
331,0.000588299,0.000450597,0.000401179,0.000506145,0.000451948,0.00055161,0.000217934,0.000634822,0.00044462,0.000563931,0.000291079,0.000571149,0.000478443,0.000572463,0.000419729,0.000542122,0.000571094
332,0.00039497,0.000522061,0.000419018,0.000499929,0.000439223,0.000554019,0.000325159,0.000634176,0.000494871,0.000670704,0.000302666,0.000648026,0.000540017,0.000667285,0.000515863,0.000638066,0.000648862
333,0.000330616,0.000653774,0.000609786,0.000553287,0.000513452,0.000542079,0.000364724,0.000621006,0.000505392,0.00066551,0.000173703,0.000668089,0.000532305,0.00068262,0.000520744,0.000528038,0.000657578
334,0.00070443,0.000605017,0.000593024,0.000534769,0.0004892,0.000557041,0.000237329,0.000464194,0.000395661,0.000582216,0.000451068,0.000577913,0.000477493,0.000560133,0.000372374,0.000381084,0.000553281
335,0.000495571,0.000624324,0.000581257,0.00050869,0.000473432,0.000537568,0.000177335,0.000363931,0.000317892,0.000620052,0.000277006,0.00049053,0.000471357,0.000465101,0.000273101,0.000378771,0.000488954
336,0.000315662,0.000568556,0.000527353,0.000496875,0.000463569,0.000528604,0.000290419,0.000492621,0.000346557,0.000676611,7.94e-05,0.000503779,0.000440724,0.000456915,0.000299768,0.000486211,0.000502158
337,0.00034429,0.000705834,0.000734643,0.000538997,0.000505718,0.000545495,0.000333576,0.000479022,0.00029129,0.000375941,0.000338477,0.000384448,0.000339244,0.000299721,0.000156137,0.000334598,0.000353653
338,0.000332407,0.000648594,0.000698561,0.000519786,0.000489576,0.000529268,0.000236243,0.00024647,0.000136819,5.45e-05,0.000152305,0.000124629,0.000289907,5.45e-05,6.82e-05,5.45e-05,8.16e-05
339,0.000247293,0.000590477,0.000628502,0.000501715,0.00046049,0.000518181,0.000234516,9.62e-05,6.38e-05,0.000114353,0.000134163,5.45e-05,0.00028273,7.96e-05,0.000147381,0.000172433,0.000103541
340,0.000354891,0.000538193,0.000555483,0.000506221,0.000467554,0.000512529,0.000340596,0.000221288,0.000143705,7.64e-05,0.00028052,5.45e-05,0.000290182,5.45e-05,9.48e-05,0.000117118,0.000111011
341,0.000265161,0.000523438,0.000587948,0.000504099,0.000458647,0.000516689,0.000344706,0.000377121,0.000200785,5.45e-05,0.00026471,0.000119789,0.000313187,9.01e-05,5.45e-05,5.45e-05,5.45e-05
342,0.000284761,0.00048763,0.000537194,0.000487533,0.000446719,0.00050088,0.000296844,0.000553424,0.000273889,0.000235851,0.000206489,0.000338034,0.000438932,0.000364873,0.000262181,0.000270691,0.000338506
343,0.000251449,0.000481135,0.000514396,0.000495896,0.000452803,0.000494109,0.000403557,0.000920975,0.000532393,0.000686428,6.15e-05,0.000814867,0.000605226,0.000891618,0.000720953,0.000757242,0.000910439
344,0.002542634,0.000443975,0.000477217,0.000488251,0.000441382,0.000493308,0.000525562,0.00127315,0.000836928,0.001192856,0.00076046,0.001289634,0.000706647,0.001416063,0.001175586,0.001192858,0.001457135
345,0.000288833,0.000418103,0.000468186,0.000489831,0.000442641,0.000491296,0.000424461,0.001211425,0.000926202,0.001232715,0.000453887,0.001386031,0.000697026,0.001462799,0.00119981,0.00123788,0.001500329
346,0.000285734,0.000397744,0.000436549,0.000481812,0.000415177,0.000487375,0.000242637,0.000849673,0.000708581,0.000950367,0.000639219,0.001010148,0.000617726,0.000993686,0.000803923,0.0009998,0.001008122
347,0.000449379,0.000616358,0.000698331,0.000739104,0.00037896,0.000567116,0.00023809,0.000612613,0.000500794,0.00029854,0.00055315,0.00053283,0.000373226,0.000504051,0.000340702,0.000451644,0.000420949
348,0.00025788,0.000568461,0.000655756,0.000580186,0.000494831,0.000587308,0.0002716,0.000605031,0.00041081,0.000207682,0.000297049,0.000149033,0.000251977,5.45e-05,9.58e-05,0.000387302,5.45e-05
349,0.000455062,0.000556587,0.000619143,0.000574375,0.000499462,0.000567771,0.000215517,0.000370482,0.000234508,0.000327684,0.0001723,0.000149778,0.000182107,5.45e-05,9.91e-05,0.00034187,5.45e-05
350,0.000194628,0.000536394,0.000585126,0.000572572,0.000473466,0.000555774,0.000181032,0.000350918,0.00025599,0.000331401,6.27e-05,0.000422672,0.000215028,0.000292093,0.000192077,0.000164409,0.000319677
351,0.000571779,0.000514446,0.000597672,0.000554598,0.000484318,0.000596138,0.000267054,0.000318091,0.000296413,0.000316445,0.000222641,0.000599903,0.000305962,0.000514834,0.000384985,0.000157951,0.000494981
352,0.000352085,0.000551231,0.000585028,0.000511075,0.000629907,0.000499145,0.000280053,0.000349112,0.000353511,0.000627176,0.000410632,0.000619394,0.000484956,0.000673788,0.0004713,0.000255502,0.000634447
353,0.000222946,0.000503885,0.000520255,0.000484762,0.000637753,0.000496083,0.000194345,0.000376376,0.000282793,0.000446708,0.000336047,0.00031671,0.000500037,0.000390078,0.000226517,0.00032784,0.000362449
354,0.000264234,0.000463798,0.000479097,0.000521856,0.000692288,0.000506526,0.000216323,0.000351821,0.000186889,6.13e-05,0.000221259,0.000109022,0.000459431,9.29e-05,5.45e-05,0.000299376,5.45e-05
355,0.00027197,0.000427365,0.00043205,0.000488313,0.000671053,0.000502763,0.000365743,0.000454759,0.000270384,0.000342092,0.000102541,0.000433982,0.000401894,0.000276059,0.0001156,0.000327618,0.000245958
356,0.000320547,0.000434552,0.000490864,0.000469268,0.000652132,0.000503658,0.000383543,0.000446207,0.000307379,0.000518371,0.000424906,0.00056292,0.000312831,0.000431062,0.000283161,0.00027593,0.000416122
357,0.000222308,0.000472291,0.00057338,0.000464224,0.000673757,0.000492149,0.000243967,0.000324596,0.0002281,0.000402724,0.000134573,0.000396955,0.000256493,0.000342712,0.000182102,0.000124013,0.000327639
358,0.000283175,0.00043492,0.000521245,0.00046496,0.000671059,0.000499017,0.000196035,0.000310732,0.000224327,0.000343387,5.98e-05,0.00037286,0.000242958,0.000304793,0.000160635,0.000122017,0.000272631
359,0.000311921,0.000401016,0.000463149,0.000452628,0.000659657,0.000489799,0.000242329,0.000419227,0.000311312,0.000459128,0.000475885,0.000484467,0.000261595,0.000395478,0.000255645,0.000230808,0.00035611
360,0.000370624,0.000373694,0.000421359,0.000435842,0.000634113,0.000484579,0.000201626,0.000421432,0.000334274,0.000468524,0.000226637,0.000493189,0.00025361,0.000423992,0.000278012,0.000252744,0.000385592
361,0.000179377,0.000381994,0.000469089,0.000440494,0.000646195,0.000486286,0.000139269,0.000358585,0.000311247,0.00038926,0.000203124,0.000372117,0.000259309,0.000368571,0.000223731,0.000242158,0.000321674
362,0.000195818,0.00042191,0.000462982,0.000442679,0.000643074,0.000487916,0.000214886,0.000433158,0.000379451,0.000456383,0.00034842,0.000380465,0.000282343,0.000408796,0.000275692,0.000335514,0.000349384
363,0.00023764,0.000389367,0.000412877,0.000449925,0.000646116,0.000492365,0.000282232,0.000498728,0.000437532,0.000536405,0.000311937,0.00046149,0.000261736,0.000475157,0.000345185,0.000389992,0.000416381
364,0.000401936,0.000361782,0.000384374,0.000431721,0.000626408,0.000486982,0.000171777,0.000380265,0.00035446,0.000446865,0.000384138,0.000411637,0.000229843,0.000385049,0.000250202,0.000304215,0.000338604
365,0.000381908,0.000353963,0.000363729,0.000428074,0.000626876,0.000485293,5.7e-05,0.000253183,0.00026512,0.000344392,0.000264152,0.000328639,0.000227495,0.000280392,0.000140596,0.000226184,0.000238596
366,0.000240901,0.000337025,0.000339496,0.000429079,0.000624361,0.000483581,0.000108403,0.0003189,0.000313022,0.000417549,0.000286914,0.00037577,0.000240168,0.000331658,0.000192699,0.000269782,0.000283343
367,0.000110044,0.000412891,0.000461843,0.000445369,0.000642132,0.000488396,0.000161863,0.000371026,0.000353271,0.000405229,0.000255265,0.000382261,0.000203464,0.000362618,0.000226183,0.000245825,0.000308172
368,0.000248719,0.000382165,0.000422014,0.000447555,0.000637453,0.00048825,9.41e-05,0.000282751,0.000282803,0.000251494,0.000294409,0.000261142,0.000160536,0.000271186,0.000125282,0.000121022,0.000212048
369,0.000219105,0.000354834,0.000384102,0.000380772,0.000379558,0.00049021,7.25e-05,0.000239096,0.000242875,0.000217748,0.000251488,0.000221371,0.000154709,0.000238915,8.62e-05,0.000100199,0.000175517
370,0.000153921,0.000330099,0.000344717,0.000365132,0.000355445,0.000485861,0.000172728,0.000344449,0.00029757,0.000366565,0.000183743,0.000339388,0.000171698,0.00033311,0.000185556,0.000221411,0.000267547
371,0.000248735,0.000314713,0.000344998,0.00037384,0.000369827,0.000486662,0.000218784,0.00039804,0.000304015,0.000391277,0.000305252,0.000409536,0.000166031,0.00038177,0.000237799,0.000268199,0.000317289
372,0.000300792,0.000294396,0.000310992,0.000361638,0.000347737,0.000482003,0.000183063,0.000343229,0.000243108,0.000298625,0.000328856,0.000361137,0.000187944,0.00034569,0.000201849,0.000224395,0.00027758
373,0.000158634,0.000317955,0.000313508,0.00034914,0.000333138,0.00047408,0.000241093,0.000352021,0.000262987,0.000341878,0.000247245,0.000362761,0.000237703,0.000387937,0.000246935,0.00026141,0.000307565
374,0.000143697,0.000323065,0.000349491,0.000350504,0.000314685,0.000472099,0.000356241,0.000449274,0.000343075,0.000452968,0.00030814,0.000421514,0.00024365,0.000473849,0.000342127,0.000333798,0.000380384
375,0.000148364,0.000303584,0.000327579,0.000361165,0.000325585,0.00048016,0.000316637,0.000421694,0.000317219,0.000379873,0.000299309,0.000363093,0.000193983,0.000416854,0.000290773,0.000283129,0.000321694
376,0.000138247,0.000306841,0.000359734,0.00033876,0.000311613,0.00047775,0.000169075,0.000290606,0.000224754,0.000254551,0.000297914,0.000258708,0.000173441,0.000289436,0.000161763,0.00019595,0.00020091
377,0.000177009,0.000296874,0.000338424,0.00033059,0.000306579,0.000473391,0.000125204,0.000270578,0.000228524,0.000272916,0.000295278,0.000277706,0.000185288,0.000281738,0.00015635,0.000208247,0.000196904
378,0.000111703,0.000278384,0.000301249,0.000328783,0.000306073,0.000473398,0.00014606,0.000329947,0.000286985,0.000332981,0.000283936,0.000331497,0.000181743,0.000334931,0.000213791,0.000250392,0.000250576
379,0.000115653,0.000294514,0.00030071,0.000322224,0.000306087,0.000470987,8.63e-05,0.000281383,0.000271604,0.000265211,0.000277991,0.000265997,0.000169996,0.000296156,0.000171925,0.000202301,0.000212509
380,0.00015842,0.000277822,0.000284639,0.00031951,0.000312242,0.000465824,5.45e-05,0.000207481,0.00024367,0.000182454,0.000304587,0.000181066,0.000182537,0.000238839,0.000109977,0.000136918,0.000147628
381,0.000141021,0.000273036,0.000272378,0.000308539,0.000305404,0.000464362,7.8e-05,0.000238585,0.000293213,0.000241074,0.000298537,0.000223784,0.000199717,0.000278473,0.000154365,0.000160538,0.000174568
382,0.000150193,0.000261676,0.000266645,0.000305346,0.000303337,0.000463171,0.000123307,0.000264083,0.000329824,0.000299419,0.000273907,0.000286871,0.000185725,0.000314218,0.000196841,0.000174123,0.000207233
383,0.000146765,0.000252646,0.000271449,0.000305255,0.000309994,0.000463157,6.99e-05,0.000197156,0.000287054,0.000242324,0.000300308,0.000259956,0.000160098,0.000265685,0.000146078,0.000110882,0.000160003
384,0.000139727,0.000244453,0.000269728,0.000299703,0.000305454,0.000464191,5.45e-05,0.000162485,0.000276371,0.000238908,0.00032863,0.000254654,0.000155057,0.000253783,0.000131661,9.05e-05,0.000147404
385,0.000119105,0.000232625,0.000252654,0.000294028,0.000299825,0.000462717,0.000118677,0.000230631,0.000344388,0.000351673,0.000280798,0.000321718,0.000143022,0.000326674,0.000206765,0.000145432,0.000220862
386,0.00014382,0.000222038,0.000231946,0.000293701,0.000298879,0.000463695,0.000127563,0.000256365,0.000364048,0.000384249,0.000297478,0.000334855,9.15e-05,0.000337209,0.000217256,0.00015064,0.000237623
387,9.66e-05,0.000211405,0.00021147,0.000292274,0.000302726,0.000464907,5.45e-05,0.000172125,0.000294759,0.000285311,0.000305079,0.000260412,5.45e-05,0.000240817,0.000116556,7.69e-05,0.000149531
388,0.000144224,0.000206294,0.000198629,0.00028685,0.000293404,0.000463376,5.45e-05,0.000131251,0.000259835,0.000239787,0.000290889,0.000242639,5.45e-05,0.000184514,5.96e-05,5.45e-05,9.47e-05
389,0.000118551,0.000209095,0.000215771,0.00028197,0.000283987,0.000463425,5.45e-05,0.000169929,0.000287564,0.000266373,0.000284398,0.000293477,5.45e-05,0.000206305,8.55e-05,5.45e-05,0.00011152
390,0.000155703,0.000203589,0.000203913,0.000270148,0.000279503,0.000461802,5.45e-05,0.000168343,0.000285365,0.000239903,0.00030887,0.0002825,5.45e-05,0.00019818,7.71e-05,5.45e-05,9.54e-05
391,8.67e-05,0.00020046,0.00019293,0.000270815,0.00028518,0.000461519,5.45e-05,0.000128837,0.00025595,0.000168397,0.000258807,0.00022485,5.45e-05,0.000166837,5.45e-05,5.45e-05,5.45e-05
392,0.000168084,0.000197688,0.000186787,0.000268701,0.000280764,0.000460762,5.45e-05,0.00017742,0.000282596,0.000200623,0.000293555,0.000252462,5.45e-05,0.000211407,8.63e-05,5.45e-05,8.49e-05
393,0.000153241,0.000204871,0.000184884,0.000269671,0.000288577,0.000462325,0.000125507,0.000255486,0.000322626,0.00026305,0.00030742,0.000340803,5.45e-05,0.000289024,0.000165126,8.58e-05,0.000157868
394,0.000189889,0.000201055,0.000176495,0.000260163,0.00028582,0.000460004,0.000116649,0.000258966,0.000300137,0.000254183,0.00031325,0.000379217,5.45e-05,0.00030056,0.000170542,0.000104156,0.000171773
395,0.000118692,0.000195627,0.000177666,0.000267701,0.000295766,0.000462492,8.32e-05,0.000238327,0.000268989,0.000227176,0.000282878,0.000392343,5.45e-05,0.000300279,0.000160102,0.000116271,0.000175253
396,0.000357057,0.000198018,0.000172766,0.000264408,0.000291015,0.000462805,0.000115555,0.000306902,0.000307876,0.000309571,0.00036389,0.000453881,6.36e-05,0.000371759,0.000221377,0.000192645,0.000249585
397,0.000487618,0.000206205,0.000196402,0.000265719,0.000292227,0.000465838,0.000138693,0.000372011,0.000347157,0.000388436,0.000387559,0.000508925,5.45e-05,0.000442115,0.000278492,0.000262381,0.000329583
398,0.000262458,0.00021059,0.000195422,0.000258897,0.0002779,0.000463825,7.74e-05,0.000344922,0.000318702,0.000370642,0.0003308,0.000488002,5.45e-05,0.000424425,0.000245968,0.000251852,0.000321677
399,0.000285131,0.000276372,0.000217291,0.000286961,0.000316975,0.000473076,5.45e-05,0.000274329,0.000273641,0.000276476,0.000324558,0.00044667,5.45e-05,0.000365039,0.000176145,0.000175678,0.00025909
400,0.000314886,0.000275004,0.000212156,0.000312061,0.000331648,0.000484726,5.45e-05,0.00026384,0.000272833,0.000235646,0.000376924,0.000437056,5.45e-05,0.000336419,0.000138933,0.000109132,0.000218218
401,0.000227755,0.000263065,0.000213805,0.000302358,0.000328016,0.000490077,5.45e-05,0.000254276,0.000276805,0.00026337,0.000317571,0.000415474,5.45e-05,0.000319831,0.000112445,9.66e-05,0.00020026
402,0.000263758,0.000300843,0.000228349,0.000308872,0.00033061,0.00049004,5.45e-05,0.000230303,0.000269158,0.00026744,0.000304873,0.000384949,5.45e-05,0.000308643,9.13e-05,7.81e-05,0.000194263
403,0.000283035,0.000301769,0.000258765,0.000320637,0.000347184,0.000497517,5.52e-05,0.000244619,0.00028687,0.000274391,0.000304542,0.000407804,5.45e-05,0.000336517,0.000114838,7.08e-05,0.000218503
404,0.000175597,0.000287411,0.000257641,0.000314483,0.000334507,0.000495757,0.000111622,0.00025928,0.000311411,0.000310605,0.000283614,0.000446977,5.45e-05,0.000364738,0.000144008,7.37e-05,0.000240039
405,0.000338722,0.000280728,0.000272306,0.000314396,0.000339052,0.00048595,0.000108772,0.000234734,0.000294414,0.000311815,0.000313883,0.000434078,5.45e-05,0.000331139,0.000106132,5.45e-05,0.000203823
406,0.00015804,0.00026893,0.000271123,0.000319785,0.000340498,0.000486767,7.16e-05,0.000210467,0.000261625,0.000277363,0.000263635,0.000398017,5.45e-05,0.000274439,5.45e-05,5.45e-05,0.00014754
407,0.00025332,0.000256927,0.00026461,0.000310466,0.000322243,0.000484038,7.17e-05,0.00021987,0.000267647,0.000295791,0.000278314,0.000403161,5.45e-05,0.000264,5.45e-05,5.45e-05,0.000141631
408,0.000220874,0.00028815,0.00032578,0.000327073,0.000310762,0.000483308,8.76e-05,0.00023094,0.000286541,0.000282932,0.00030378,0.000424305,5.45e-05,0.000267579,5.45e-05,5.45e-05,0.000144984
409,0.000193534,0.000270575,0.00029796,0.000313478,0.000314059,0.000482065,6.41e-05,0.00022687,0.000283074,0.000308456,0.000333464,0.000414944,7.49e-05,0.000268003,5.45e-05,5.45e-05,0.000148394
410,0.000241878,0.000285276,0.000338363,0.000323139,0.000315784,0.000481542,5.45e-05,0.000222802,0.000277211,0.000339828,0.000299572,0.000398425,8.85e-05,0.000269696,5.45e-05,5.45e-05,0.000159632
411,0.000283175,0.00026986,0.000309667,0.000321382,0.00030691,0.000478123,5.45e-05,0.00025883,0.000287776,0.000376222,0.00031294,0.000426296,9.15e-05,0.000293317,5.45e-05,5.45e-05,0.000189587
412,0.000539419,0.00026316,0.000314599,0.000322334,0.000306446,0.000480915,5.45e-05,0.000231707,0.000284746,0.000392777,0.000414047,0.000462956,9.9e-05,0.000320813,5.45e-05,5.45e-05,0.000217572
413,0.000400005,0.000248623,0.000285593,0.000325834,0.000327348,0.000475563,5.45e-05,0.000194476,0.000279895,0.000397193,0.000314828,0.000440141,9.2e-05,0.00031932,5.45e-05,5.45e-05,0.000204653
414,0.000167459,0.00023524,0.000260594,0.000335737,0.000335124,0.000480889,5.45e-05,0.00018161,0.00029656,0.000408288,0.000278857,0.000390415,9.81e-05,0.00031744,5.45e-05,5.45e-05,0.000182766
415,0.000276706,0.000236805,0.00027502,0.000369779,0.000385662,0.000490601,6.99e-05,0.000168781,0.000311851,0.00037687,0.000335076,0.000338898,0.000135002,0.000304902,5.45e-05,6.59e-05,0.000160394
416,0.000130896,0.000227939,0.000257406,0.000372409,0.000383929,0.000497654,5.45e-05,0.000128275,0.000282342,0.000321275,0.000276553,0.000278812,0.000179525,0.000249836,5.45e-05,0.000119159,0.00011092
417,0.000118779,0.000250662,0.000305504,0.0003558,0.000352656,0.000496328,5.45e-05,5.71e-05,0.000223634,0.000289504,0.000274963,0.000239604,0.000205613,0.00018572,0.000114633,0.000141675,7.04e-05
418,0.000109409,0.000240676,0.000297115,0.000367179,0.00035567,0.00049474,5.45e-05,5.45e-05,0.000170471,0.000215695,0.000227724,0.000229306,0.000228199,0.000129498,0.000165665,0.000191415,5.45e-05
419,0.000169974,0.000230208,0.00027231,0.000352051,0.000346752,0.000492928,8.83e-05,5.45e-05,0.000120494,0.000127093,0.000254431,0.000185906,0.000239731,6.45e-05,0.00022119,0.000245811,5.45e-05
420,0.000154398,0.000241645,0.000268623,0.000341333,0.000320519,0.000478477,9.73e-05,5.45e-05,7.38e-05,5.45e-05,0.000303901,0.000102477,0.000226072,5.45e-05,0.000267957,0.000274733,5.72e-05
421,0.000161928,0.000236758,0.000252883,0.000327517,0.000305864,0.000466225,5.45e-05,5.45e-05,5.45e-05,5.45e-05,0.000251695,5.45e-05,0.000211224,5.45e-05,0.000272596,0.000298965,8.39e-05
422,0.000119185,0.000282347,0.000328905,0.000323554,0.000298667,0.000467923,5.45e-05,5.45e-05,5.45e-05,0.000119719,0.000282505,5.45e-05,0.000210143,5.45e-05,0.000252326,0.000340044,0.000101094
423,0.000167838,0.000265408,0.000298361,0.000316808,0.000300678,0.000463188,0.000114471,5.78e-05,5.45e-05,0.000174875,0.000299391,5.45e-05,0.000183852,5.45e-05,0.000226654,0.000342288,0.000105992
424,9.42e-05,0.000258043,0.000300749,0.000314832,0.000300077,0.000464139,0.00023252,0.000143858,6.86e-05,0.000165547,0.000274902,5.45e-05,0.000126838,6.35e-05,0.000141157,0.000228121,5.45e-05
425,0.000135128,0.000249675,0.000282422,0.000306841,0.000297289,0.000463761,0.000418796,0.000313552,5.45e-05,5.45e-05,0.000274578,0.000127308,5.45e-05,0.000242142,5.71e-05,5.45e-05,0.000147407
426,0.000146325,0.000238368,0.000261269,0.000309932,0.000308325,0.000465989,0.000594341,0.000479344,5.45e-05,0.000107412,0.000239438,0.00024656,5.45e-05,0.000431244,0.000264355,0.000159159,0.000348526
427,0.000184332,0.00022625,0.000237615,0.00029871,0.000297188,0.000463581,0.000669116,0.000570829,6.16e-05,0.000247716,0.00029996,0.000323925,9.37e-05,0.000543063,0.000381345,0.000340901,0.000478993
428,0.0001724,0.000217359,0.000220877,0.000297218,0.000300715,0.000462849,0.00065882,0.000605654,5.46e-05,0.000376472,0.000274479,0.000356444,0.000147846,0.000584421,0.000422203,0.000488577,0.00054068
429,0.00018733,0.000291268,0.00032163,0.000296798,0.000302229,0.000461899,0.000581889,0.000604228,5.45e-05,0.000449876,0.000287968,0.000395351,0.000180858,0.000573302,0.000406924,0.000594248,0.000555301
430,0.000142641,0.000272952,0.000287457,0.000296931,0.000282823,0.00046496,0.00041571,0.000526003,5.45e-05,0.000407282,0.000313336,0.000388875,0.000187716,0.000479324,0.000299363,0.000584394,0.000489862
431,0.000143282,0.000311679,0.000361266,0.000296525,0.000284214,0.000464552,0.000219576,0.000391109,7.09e-05,0.00028074,0.000296739,0.000323286,0.000198485,0.00033802,0.000138213,0.000489415,0.00036512
432,0.000384151,0.000293374,0.000338634,0.000297981,0.000286989,0.000467841,0.000110884,0.000274317,8.47e-05,0.000181321,0.000416498,0.000258362,0.000208728,0.000228687,5.45e-05,0.000370816,0.000265789
433,0.000267588,0.000289689,0.000323574,0.000293033,0.000281435,0.000468034,8.01e-05,0.000161239,6.92e-05,0.000103959,0.000342829,0.000201829,0.000201747,0.000122553,7.21e-05,0.000199646,0.000152414
434,0.000274993,0.000274021,0.0003112,0.000291653,0.000282959,0.000468036,5.45e-05,5.45e-05,0.000102324,5.45e-05,0.000342535,0.000106479,0.00017149,5.45e-05,0.000225601,6.31e-05,5.45e-05
435,0.000377452,0.000297715,0.000363349,0.000316443,0.000315641,0.000474436,5.45e-05,0.000224317,0.000154097,0.000189288,0.000420646,5.45e-05,0.000134776,0.000199191,0.000351778,0.000357704,0.000182553
436,0.000360278,0.000281917,0.000348187,0.000310272,0.000314348,0.000479436,9.48e-05,0.000271751,0.000133014,0.000200503,0.000347847,0.000106967,0.000109062,0.000220456,0.000341889,0.000500288,0.000210772
437,0.000225707,0.000320449,0.000419622,0.000306082,0.000322242,0.00048151,0.000225887,0.000266623,6.51e-05,0.000145541,0.000288985,0.00021233,5.45e-05,0.000165085,0.000251336,0.000578375,0.000157382
438,0.00019122,0.000298951,0.000377295,0.000318009,0.000347049,0.000487804,0.000286163,0.00026672,5.45e-05,0.000120762,0.000225504,0.000240979,5.45e-05,0.000139082,0.000207513,0.000650531,0.0001179
439,0.000136985,0.000293564,0.000353539,0.00032681,0.00034911,0.000498145,0.000307562,0.000246117,5.45e-05,5.45e-05,0.000162794,0.00025124,0.000158787,0.000113521,0.000160654,0.000605269,7.29e-05
440,0.000176231,0.000302253,0.000389468,0.000312581,0.000332748,0.000491962,0.000329426,0.000159446,5.45e-05,0.000204837,0.000170244,0.00032321,0.000246658,5.45e-05,7.46e-05,0.000453383,5.45e-05
441,0.000132538,0.000289637,0.000362488,0.000309918,0.000327269,0.000488058,0.000262823,0.000105104,5.8e-05,0.000298666,0.000181534,0.000352608,0.000335675,5.45e-05,5.45e-05,0.000408661,8.58e-05
442,0.000181529,0.000288148,0.000342731,0.000303369,0.000309857,0.00048404,0.000118889,0.000109907,5.45e-05,0.000242199,0.000257369,0.000293516,0.000366673,8.92e-05,0.000108351,0.000396327,5.45e-05
443,0.000189793,0.000285873,0.000358101,0.00030301,0.000309053,0.000477669,7.43e-05,5.45e-05,5.45e-05,0.000220895,0.00015174,0.000258159,0.000308531,8.82e-05,0.000101349,0.00031926,5.45e-05
444,0.00014742,0.000271381,0.000331301,0.000293687,0.00029227,0.000469483,0.000160376,0.000104025,0.000148517,0.000303734,0.000312271,0.000271357,0.000200192,5.45e-05,5.45e-05,0.000153296,0.000131241
445,0.00015029,0.000256973,0.000302962,0.000296645,0.000289495,0.000467842,0.000209798,0.000177141,0.000251679,0.000281976,0.000185275,0.00020291,9.04e-05,6.17e-05,7.14e-05,9.15e-05,0.000134015
446,0.000115919,0.000250226,0.000304644,0.000297832,0.000294029,0.000467406,0.000178219,0.000167769,0.00029881,0.000179276,5.45e-05,0.000103766,5.45e-05,5.45e-05,5.45e-05,6.32e-05,6.05e-05
447,0.000205843,0.000240319,0.000282661,0.000295823,0.000293547,0.000468407,0.000184652,0.000217011,0.000396618,0.000172248,0.000410434,0.000139504,0.000192315,9.26e-05,8.51e-05,5.62e-05,5.99e-05
448,9.69e-05,0.000253839,0.000282603,0.000294899,0.000292006,0.00046668,0.000204118,0.000333497,0.000508017,0.000189177,0.000123885,0.000234408,0.000313949,0.000161336,0.000142398,0.00019815,0.000112223
449,9.07e-05,0.000240272,0.000257209,0.000292627,0.000287958,0.000466435,0.000123248,0.000383092,0.000533066,6.1e-05,6.96e-05,0.000170445,0.000397315,0.000125497,9.79e-05,0.000255794,0.000106141
450,0.000104438,0.000227962,0.000236393,0.000301103,0.000293852,0.000467339,5.45e-05,0.000432655,0.000523046,9.51e-05,0.000189462,6.03e-05,0.00047986,7.95e-05,6.67e-05,0.000287652,0.000100886
451,0.000116252,0.000216564,0.000213561,0.000290131,0.000292458,0.000464447,5.79e-05,0.000619049,0.000591215,7.55e-05,5.45e-05,5.45e-05,0.000569765,0.000167974,0.000180662,0.000462993,0.00022133
452,0.000271201,0.000213483,0.000206417,0.00028591,0.000283593,0.000462223,0.000105211,0.000826509,0.000643201,5.46e-05,0.000147534,9.07e-05,0.000644213,0.000299953,0.000345596,0.000646588,0.000377789
453,0.000127712,0.00020351,0.000186168,0.00028396,0.000281316,0.000459774,0.000102321,0.000981104,0.000595365,6.45e-05,0.000119016,0.000180304,0.000746294,0.000416178,0.000461627,0.000764273,0.000497599
454,0.000436658,0.000211062,0.000209132,0.000282883,0.000281739,0.000461186,0.000221608,0.001245342,0.000644343,0.000179409,0.000311063,0.00045889,0.000952984,0.000721224,0.0007301,0.001054933,0.000799484
455,0.000540006,0.000274242,0.000230996,0.000298272,0.000302411,0.00046263,0.000576637,0.001726181,0.000915448,0.000766473,0.000193141,0.000956448,0.001210656,0.001302547,0.00127765,0.00162173,0.00138069
456,0.001742539,0.00025941,0.000222846,0.000288698,0.000299113,0.000464483,0.00097466,0.002239405,0.001228008,0.001525521,0.000755212,0.00153297,0.001451018,0.001981193,0.00190727,0.002295784,0.002097367
457,0.004091064,0.000252821,0.00023082,0.000319296,0.000330121,0.000475234,0.00123527,0.002537844,0.001463895,0.002047607,0.001221246,0.0020261,0.001615978,0.002533095,0.002397899,0.002709254,0.00267385
458,0.00096078,0.000495314,0.000466933,0.000343547,0.000369641,0.000490606,0.001423505,0.002558653,0.001596401,0.002346001,0.000748991,0.002339711,0.001663484,0.002817446,0.002684886,0.002835445,0.002929784
459,0.004965956,0.000738462,0.000749309,0.000501676,0.000596431,0.000547954,0.001542223,0.002432052,0.001597049,0.002547352,0.002298371,0.002375797,0.001538544,0.00280248,0.002646864,0.002823431,0.002864014
460,0.001228146,0.000720868,0.000804743,0.000847691,0.0008893,0.000714535,0.00142772,0.002256281,0.001381469,0.00220024,0.001329621,0.002020291,0.001178688,0.002449156,0.002235402,0.00214554,0.002518214
461,0.000758536,0.000839293,0.001008894,0.000668009,0.000725347,0.00078478,0.001121615,0.001886104,0.000983698,0.002042954,0.001033205,0.001547676,0.000932941,0.001852721,0.001659325,0.001894314,0.001989904
462,0.000418979,0.001134159,0.001060245,0.001173206,0.001218566,0.000972767,0.000903902,0.001223148,0.000678588,0.000803826,0.000236699,0.001054077,0.00046137,0.001197523,0.000998118,0.000959008,0.001333971
463,0.000303893,0.001129704,0.001184081,0.000956677,0.001001143,0.001054293,0.000698391,0.000883207,0.000388076,0.000427723,0.000350261,0.000582952,0.000226602,0.000589549,0.000419785,0.000463216,0.000677584
464,0.000413583,0.001036264,0.001060143,0.000917106,0.000898979,0.001015898,0.000424349,0.000142261,5.45e-05,0.000322684,0.000330355,0.000110056,0.000195641,5.45e-05,0.000124455,0.000520169,0.000109509
465,0.000241831,0.000928637,0.000924453,0.000813944,0.00081656,0.000755014,0.000164304,6.18e-05,0.000112543,0.000578199,9.31e-05,0.00016012,0.000497948,0.000457013,0.000534346,0.000429082,0.000302079
466,0.000347248,0.000834576,0.000804368,0.000794301,0.000763651,0.000794191,0.000157954,0.000116566,6.35e-05,0.000690695,0.000124733,6.65e-05,0.000737203,0.000375377,0.000394404,0.000414767,0.000195501
467,0.000243239,0.000772092,0.000741154,0.000702761,0.000691994,0.000550159,0.000254498,0.000385959,0.000422709,0.001083506,0.000182451,0.000433853,0.001189989,0.000117803,5.45e-05,0.000345934,0.000304539
468,0.001172959,0.000748519,0.000704971,0.00066935,0.000636671,0.000516145,0.000330659,0.000571411,0.000540954,0.000826492,0.000386895,0.000680147,0.001401433,0.00052454,0.000349037,0.000508781,0.000701521
469,0.000536188,0.000705279,0.000708647,0.000672224,0.000638455,0.000499525,0.0003978,0.000643539,0.000665838,0.000866697,0.000540341,0.000795886,0.001485401,0.000823033,0.000622415,0.000634482,0.000952685
470,0.000283695,0.000648578,0.00064709,0.000663125,0.00061892,0.000492675,0.000518776,0.000677782,0.000780184,0.001035441,0.000158911,0.000700678,0.001390554,0.000853309,0.000690458,0.000648656,0.000914497
471,0.000342711,0.000618253,0.000669864,0.000774808,0.000698509,0.000522988,0.000514077,0.00062645,0.000686243,0.000889882,0.000285306,0.000448854,0.001071591,0.000567114,0.000443173,0.000532989,0.000607985
472,0.000331816,0.000568542,0.000628661,0.000741629,0.000640089,0.000530773,0.000336786,0.00053955,0.000481625,0.000734839,9.63e-05,0.000140984,0.000738926,0.000231926,0.000120915,0.000390496,0.000293302
473,0.000699129,0.000518649,0.000559443,0.000729574,0.000662612,0.000530565,0.000241438,0.000467053,0.000374038,0.000819279,0.00052677,9.14e-05,0.000482185,0.000153722,6.2e-05,0.000314481,0.000278008
474,0.000605355,0.000512063,0.000600056,0.000739782,0.000669108,0.000522018,0.000300599,0.000536179,0.000367433,0.000870716,5.45e-05,0.000203171,0.000317161,0.000233216,0.000213007,0.000247093,0.000379456
