Date,RV_final_smoothed
2016/1/4,0.000725743
2016/1/5,0.001098013
2016/1/6,0.002561995
2016/1/7,0.001499034
2016/1/10,0.001293162
2016/1/11,0.001975654
2016/1/12,0.00234726
2016/1/13,0.001193429
2016/1/14,0.001328262
2016/1/17,0.003279924
2016/1/18,0.0017526
2016/1/19,0.00187874
2016/1/20,0.002670533
2016/1/21,0.002089017
2016/1/24,0.002626058
2016/1/25,0.001976133
2016/1/26,0.002516816
2016/1/27,0.003289682
2016/1/28,0.001794035
2016/1/31,0.001709235
2016/2/1,0.001554759
2016/2/2,0.002094482
2016/2/3,0.001939108
2016/2/4,0.001596998
2016/2/7,0.00135818
2016/2/8,0.001657255
2016/2/9,0.002194312
2016/2/10,0.002123912
2016/2/11,0.002406985
2016/2/14,0.000925369
2016/2/15,0.003102907
2016/2/16,0.002101932
2016/2/17,0.001601117
2016/2/18,0.001060788
2016/2/21,0.000999925
2016/2/22,0.001382239
2016/2/23,0.001944958
2016/2/24,0.001514527
2016/2/25,0.001599864
2016/2/28,0.001061898
2016/2/29,0.001206151
2016/3/1,0.00096476
2016/3/2,0.000646904
2016/3/3,0.000787302
2016/3/6,0.000824633
2016/3/7,0.001020607
2016/3/8,0.000817244
2016/3/9,0.000782028
2016/3/10,0.000479894
2016/3/13,0.00057807
2016/3/14,0.000587628
2016/3/15,0.00064291
2016/3/16,0.000749886
2016/3/17,0.000769063
2016/3/20,0.00056228
2016/3/21,0.000572588
2016/3/22,0.000470527
2016/3/23,0.000544882
2016/3/27,0.000604806
2016/3/28,0.000450932
2016/3/29,0.000572618
2016/3/30,0.000625136
2016/3/31,0.000628779
2016/4/3,0.00068532
2016/4/4,0.000624521
2016/4/5,0.000567128
2016/4/6,0.000533633
2016/4/7,0.000573977
2016/4/10,0.000579556
2016/4/11,0.000753253
2016/4/12,0.000641522
2016/4/13,0.000414163
2016/4/14,0.00052789
2016/4/17,0.00519429
2016/4/18,0.001002641
2016/4/19,0.000936031
2016/4/20,0.000887811
2016/4/21,0.000655209
2016/4/24,0.000643336
2016/4/25,0.000468806
2016/4/26,0.000566746
2016/4/27,0.000403262
2016/4/28,0.00066314
2016/5/1,0.00044321
2016/5/2,0.000716105
2016/5/3,0.000635489
2016/5/4,0.000699977
2016/5/5,0.000829397
2016/5/8,0.001049027
2016/5/9,0.000725452
2016/5/10,0.001051457
2016/5/11,0.000589287
2016/5/12,0.000449548
2016/5/15,0.000373356
2016/5/16,0.000366802
2016/5/17,0.000418318
2016/5/18,0.000522744
2016/5/19,0.000482395
2016/5/22,0.000325197
2016/5/23,0.000304015
2016/5/24,0.000390077
2016/5/25,0.000319759
2016/5/26,0.000280429
2016/5/29,9.03E-05
2016/5/30,0.000210088
2016/5/31,0.00040539
2016/6/1,0.000455676
2016/6/2,0.000415782
2016/6/5,0.000236759
2016/6/6,0.000179359
2016/6/7,0.000234579
2016/6/8,0.000240846
2016/6/9,0.000278636
2016/6/12,0.000332559
2016/6/13,0.000221325
2016/6/14,0.000475258
2016/6/15,0.000471681
2016/6/16,0.000397028
2016/6/19,0.000307506
2016/6/20,0.000364938
2016/6/21,0.000487543
2016/6/22,0.000409025
2016/6/23,0.00189338
2016/6/26,0.000675636
2016/6/27,0.000418348
2016/6/28,0.000382277
2016/6/29,0.000552671
2016/6/30,0.000335775
2016/7/3,0.000180244
2016/7/4,0.000400256
2016/7/5,0.000631885
2016/7/6,0.000985415
2016/7/7,0.000597298
2016/7/10,0.000507627
2016/7/11,0.000510642
2016/7/12,0.000567984
2016/7/13,0.000440338
2016/7/14,0.00046168
2016/7/17,0.000387645
2016/7/18,0.000340412
2016/7/19,0.000479573
2016/7/20,0.000342218
2016/7/21,0.000412161
2016/7/24,0.000220224
2016/7/25,0.000364325
2016/7/26,0.000548142
2016/7/27,0.000335681
2016/7/28,0.000392543
2016/7/31,0.000392703
2016/8/1,0.000510555
2016/8/2,0.000714478
2016/8/3,0.000535577
2016/8/4,0.000487928
2016/8/7,0.000287598
2016/8/8,0.000406149
2016/8/9,0.000541241
2016/8/10,0.000492602
2016/8/11,0.000575982
2016/8/14,0.000327277
2016/8/15,0.000547491
2016/8/16,0.000462189
2016/8/17,0.0002535
2016/8/18,0.000270846
2016/8/21,0.000328041
2016/8/22,0.000566843
2016/8/23,0.000313213
2016/8/24,0.000307224
2016/8/25,0.000443581
2016/8/28,0.000208811
2016/8/29,0.000252289
2016/8/30,0.000301663
2016/8/31,0.000302667
2016/9/1,0.000554301
2016/9/4,0.001213098
2016/9/5,0.000447924
2016/9/6,0.000530258
2016/9/7,0.000523247
2016/9/8,0.000307565
2016/9/11,0.000603797
2016/9/12,0.000464303
2016/9/13,0.000640718
2016/9/14,0.000458494
2016/9/15,0.000326756
2016/9/18,0.000386331
2016/9/19,0.000545245
2016/9/20,0.00035975
2016/9/21,0.000262627
2016/9/22,0.000733762
2016/9/25,0.000728264
2016/9/26,0.000482801
2016/9/27,0.001033703
2016/9/28,0.000522674
2016/9/29,0.000304186
2016/10/2,0.000350111
2016/10/3,0.000445764
2016/10/4,0.0001944
2016/10/5,0.000196331
2016/10/6,0.000322729
2016/10/9,0.000343648
2016/10/10,0.000290595
2016/10/11,0.000262801
2016/10/12,0.000413556
2016/10/13,0.000211385
2016/10/16,0.000246089
2016/10/17,0.000174209
2016/10/18,0.000163294
2016/10/19,0.000197315
2016/10/20,0.00022503
2016/10/23,0.0002736
2016/10/24,0.000558023
2016/10/25,0.000424868
2016/10/26,0.000193924
2016/10/27,0.000236956
2016/10/30,0.000289738
2016/10/31,0.000602923
2016/11/1,0.000483808
2016/11/2,0.000281061
2016/11/3,0.000802217
2016/11/6,0.000386292
2016/11/7,0.000393869
2016/11/8,0.001385375
2016/11/9,0.000425724
2016/11/10,0.000316857
2016/11/13,0.000500155
2016/11/14,0.000456792
2016/11/15,0.000750373
2016/11/16,0.000476054
2016/11/17,0.000507278
2016/11/20,0.000424505
2016/11/21,0.00083112
2016/11/22,0.000426016
2016/11/23,0.000118864
2016/11/24,0.000769743
2016/11/27,0.000892274
2016/11/28,0.000695357
2016/11/29,0.001772264
2016/11/30,0.000575467
2016/12/1,0.000501644
2016/12/4,0.000398071
2016/12/5,0.000356243
2016/12/6,0.000446182
2016/12/7,0.000407364
2016/12/8,0.000227474
2016/12/11,0.002439357
2016/12/12,0.000321616
2016/12/13,0.000359924
2016/12/14,0.000353528
2016/12/15,0.000302885
2016/12/18,0.000245758
2016/12/19,0.000190766
2016/12/20,0.000165691
2016/12/21,0.000175573
2016/12/22,0.000177097
2016/12/26,0.000350533
2016/12/27,0.000140854
2016/12/28,0.000161041
2016/12/29,0.000105017
2017/1/2,0.000606883
2017/1/3,0.000307242
2017/1/4,0.000316529
2017/1/5,0.000264799
2017/1/8,0.000214418
2017/1/9,0.000299865
2017/1/10,0.00054601
2017/1/11,0.000296762
2017/1/12,0.000218684
2017/1/15,0.000140948
2017/1/16,0.000327765
2017/1/17,0.000387527
2017/1/18,0.000271361
2017/1/19,0.0002172
2017/1/22,0.000299082
2017/1/23,0.000173447
2017/1/24,0.000235205
2017/1/25,0.00025117
2017/1/26,0.000256906
2017/1/29,0.000177462
2017/1/30,0.000224982
2017/1/31,0.000261433
2017/2/1,0.000264005
2017/2/2,0.000177281
2017/2/5,0.000162376
2017/2/6,0.000223327
2017/2/7,0.000288113
2017/2/8,0.000120051
2017/2/9,0.000167625
2017/2/12,0.000185916
2017/2/13,0.000163281
2017/2/14,0.000185028
2017/2/15,0.00018957
2017/2/16,0.000127334
2017/2/19,7.14E-05
2017/2/20,0.000154788
2017/2/21,0.00015692
2017/2/22,0.000163829
2017/2/23,0.00012021
2017/2/26,9.40E-05
2017/2/27,0.000148926
2017/2/28,0.000129194
2017/3/1,0.000172536
2017/3/2,0.000129549
2017/3/5,0.000153667
2017/3/6,0.000134874
2017/3/7,0.000296152
2017/3/8,0.000894382
2017/3/9,0.000414172
2017/3/12,0.000300658
2017/3/13,0.00048638
2017/3/14,0.000311294
2017/3/15,0.000224198
2017/3/16,0.000102664
2017/3/19,0.000243026
2017/3/20,0.000191301
2017/3/21,0.000410023
2017/3/22,0.000150608
2017/3/23,0.000134993
2017/3/26,0.000225272
2017/3/27,0.000156546
2017/3/28,0.000191325
2017/3/29,0.000175273
2017/3/30,0.000164643
2017/4/2,0.000133718
2017/4/3,0.000168911
2017/4/4,0.000184994
2017/4/5,0.00012624
2017/4/6,0.000347435
2017/4/9,0.000129522
2017/4/10,0.000142842
2017/4/11,0.000113294
2017/4/12,0.000124558
2017/4/16,0.00013553
2017/4/17,0.000185081
2017/4/18,0.000247956
2017/4/19,0.000292898
2017/4/20,0.000241486
2017/4/23,0.000234296
2017/4/24,0.000338956
2017/4/25,0.000339311
2017/4/26,0.000239221
2017/4/27,0.000253564
2017/4/30,0.00010614
2017/5/1,0.000385786
2017/5/2,0.000341982
2017/5/3,0.000383722
2017/5/4,0.001047135
2017/5/7,0.000529022
2017/5/8,0.000337472
2017/5/9,0.00028099
2017/5/10,0.000209917
2017/5/11,0.000154591
2017/5/14,0.00030023
2017/5/15,0.000216949
2017/5/16,0.000341011
2017/5/17,0.000285683
2017/5/18,0.00017281
2017/5/21,0.000192389
2017/5/22,0.000149166
2017/5/23,0.000178849
2017/5/24,0.000972813
2017/5/25,0.000449629
2017/5/28,0.000102119
2017/5/29,0.000189623
2017/5/30,0.000391782
2017/5/31,0.000452043
2017/6/1,0.000505444
2017/6/4,0.000374697
2017/6/5,0.000454661
2017/6/6,0.000734143
2017/6/7,0.000335238
2017/6/8,0.000284891
2017/6/11,0.000262545
2017/6/12,0.000297495
2017/6/13,0.000466145
2017/6/14,0.000224473
2017/6/15,0.000101573
2017/6/18,0.000179269
2017/6/19,0.000343972
2017/6/20,0.000524682
2017/6/21,0.000304241
2017/6/22,0.000268285
2017/6/25,0.000295437
2017/6/26,0.00031292
2017/6/27,0.000229128
2017/6/28,0.000230167
2017/6/29,0.00017515
2017/7/2,0.000170922
2017/7/3,8.07E-05
2017/7/4,0.00047701
2017/7/5,0.000461578
2017/7/6,0.000523651
2017/7/9,0.000309496
2017/7/10,0.000462112
2017/7/11,0.000471484
2017/7/12,0.000285356
2017/7/13,0.000307344
2017/7/16,0.00019595
2017/7/17,0.000226919
2017/7/18,0.000229267
2017/7/19,0.000232147
2017/7/20,0.000266673
2017/7/23,0.000440079
2017/7/24,0.000256229
2017/7/25,0.000301282
2017/7/26,0.000273861
2017/7/27,0.000139888
2017/7/30,0.000235834
2017/7/31,0.000366462
2017/8/1,0.000269932
2017/8/2,0.000279315
2017/8/3,0.000309169
2017/8/6,0.000318405
2017/8/7,0.00026332
2017/8/8,0.000197621
2017/8/9,0.000346684
2017/8/10,0.000251962
2017/8/13,0.000230607
2017/8/14,0.000192025
2017/8/15,0.00021939
2017/8/16,0.000235546
2017/8/17,0.000288193
2017/8/20,0.000286833
2017/8/21,0.000372494
2017/8/22,0.000150683
2017/8/23,0.000214181
2017/8/24,0.000301499
2017/8/27,0.000291874
2017/8/28,0.000270132
2017/8/29,0.00024212
2017/8/30,0.000256292
2017/8/31,0.000185957
2017/9/3,0.000141214
2017/9/4,0.000186915
2017/9/5,0.000224069
2017/9/6,0.000254786
2017/9/7,0.000189285
2017/9/10,0.0002068
2017/9/11,0.000177346
2017/9/12,0.000123209
2017/9/13,0.000117972
2017/9/14,0.000149664
2017/9/17,0.00017302
2017/9/18,0.00017046
2017/9/19,0.000204724
2017/9/20,0.00015906
2017/9/21,9.88E-05
2017/9/24,0.000186469
2017/9/25,0.000298059
2017/9/26,0.000178591
2017/9/27,0.000256106
2017/9/28,0.000203611
2017/10/1,0.0001891
2017/10/2,0.000147416
2017/10/3,0.000163941
2017/10/4,0.000132621
2017/10/5,0.000225652
2017/10/8,0.00018102
2017/10/9,0.000119345
2017/10/10,0.000165507
2017/10/11,0.000200803
2017/10/12,0.000194834
2017/10/15,0.000236992
2017/10/16,0.00019387
2017/10/17,0.000150695
2017/10/18,0.000177785
2017/10/19,0.00020066
2017/10/22,0.000142222
2017/10/23,0.000201738
2017/10/24,0.000144591
2017/10/25,0.000110251
2017/10/26,0.000183291
2017/10/29,0.000169456
2017/10/30,9.86E-05
2017/10/31,0.000202399
2017/11/1,0.000135387
2017/11/2,0.000168567
2017/11/5,0.000230775
2017/11/6,0.000154303
2017/11/7,0.000314462
2017/11/8,0.00019167
2017/11/9,0.000123679
2017/11/12,0.000157129
2017/11/13,0.000277242
2017/11/14,0.00014662
2017/11/15,0.000147185
2017/11/16,0.000192072
2017/11/19,0.000163732
2017/11/20,0.000180836
2017/11/21,0.000135578
2017/11/22,7.90E-05
2017/11/23,8.07E-05
2017/11/26,0.000175931
2017/11/27,0.000126679
2017/11/28,0.000280633
2017/11/29,0.000284721
2017/11/30,0.000227425
2017/12/3,0.00012478
2017/12/4,0.000123865
2017/12/5,0.000181177
2017/12/6,0.000110307
2017/12/7,0.000206532
2017/12/10,0.00020013
2017/12/11,0.000448924
2017/12/12,0.0002263
2017/12/13,0.000210382
2017/12/14,0.000136816
2017/12/17,0.000142419
2017/12/18,9.26E-05
2017/12/19,6.66E-05
2017/12/20,9.37E-05
2017/12/21,7.58E-05
2017/12/25,0.000214041
2017/12/26,9.89E-05
2017/12/27,6.24E-05
2017/12/28,0.000108745
2018/1/1,0.000152291
2018/1/2,8.62E-05
2018/1/3,8.47E-05
2018/1/4,9.57E-05
2018/1/7,7.76E-05
2018/1/8,0.000135064
2018/1/9,8.80E-05
2018/1/10,0.000112664
2018/1/11,0.000148026
2018/1/14,7.54E-05
2018/1/15,0.000142865
2018/1/16,0.000115445
2018/1/17,0.000114852
2018/1/18,0.00017168
2018/1/21,0.000135519
2018/1/22,0.000161654
2018/1/23,0.000153343
2018/1/24,0.00014299
2018/1/25,0.000101768
2018/1/28,0.000113147
2018/1/29,0.000138167
2018/1/30,0.000187565
2018/1/31,0.000124862
2018/2/1,0.000210242
2018/2/4,0.000260305
2018/2/5,0.000246445
2018/2/6,0.000343406
2018/2/7,0.000291557
2018/2/8,0.000379169
2018/2/11,0.000343251
2018/2/12,0.000269788
2018/2/13,0.000333883
2018/2/14,0.000351847
2018/2/15,0.000239288
2018/2/18,0.000105591
2018/2/19,0.000207968
2018/2/20,0.000199645
2018/2/21,0.000211667
2018/2/22,0.000138563
2018/2/25,0.000163684
2018/2/26,0.000164716
2018/2/27,0.000323174
2018/2/28,0.00036699
2018/3/1,0.000265552
2018/3/4,0.000173617
2018/3/5,0.000162775
2018/3/6,0.000341565
2018/3/7,0.000184268
2018/3/8,0.000169359
2018/3/11,0.000151746
2018/3/12,0.000359244
2018/3/13,0.000310534
2018/3/14,0.000168097
2018/3/15,0.000159587
2018/3/18,0.000194484
2018/3/19,0.000190549
2018/3/20,0.000152919
2018/3/21,0.000196025
2018/3/22,0.000316146
2018/3/25,0.000265926
2018/3/26,0.000216966
2018/3/27,0.000294158
2018/3/28,0.000189622
2018/4/1,0.000209617
2018/4/2,0.000155816
2018/4/3,0.00029612
2018/4/4,0.0002182
2018/4/5,0.000270553
2018/4/8,0.000121224
2018/4/9,0.000223182
2018/4/10,0.000335268
2018/4/11,0.000254798
2018/4/12,0.000204451
2018/4/15,0.000226957
2018/4/16,0.000173311
2018/4/17,0.00021022
2018/4/18,0.00021521
2018/4/19,0.000231745
2018/4/22,0.00020595
2018/4/23,0.00023552
2018/4/24,0.000360776
2018/4/25,0.000135388
2018/4/26,9.71E-05
2018/4/29,0.000263831
2018/4/30,0.000196716
2018/5/1,0.000205975
2018/5/2,0.000184329
2018/5/3,0.000147408
2018/5/6,0.000179951
2018/5/7,0.000855949
2018/5/8,0.000230325
2018/5/9,0.000163618
2018/5/10,0.000109892
2018/5/13,0.00014935
2018/5/14,0.000205956
2018/5/15,0.00016287
2018/5/16,0.000146949
2018/5/17,0.00016936
2018/5/20,0.000142949
2018/5/21,0.0001656
2018/5/22,0.0002136
2018/5/23,0.00012773
2018/5/24,0.000225493
2018/5/27,0.000286773
2018/5/28,0.000218236
2018/5/29,0.000193263
2018/5/30,0.000338471
2018/5/31,0.0002216
2018/6/3,0.000223122
2018/6/4,0.000289358
2018/6/5,0.000314159
2018/6/6,0.000194922
2018/6/7,0.000174263
2018/6/10,0.000209755
2018/6/11,0.000185893
2018/6/12,0.000208336
2018/6/13,0.00013367
2018/6/14,0.000207883
2018/6/17,0.000282215
2018/6/18,0.000228266
2018/6/19,0.000288987
2018/6/20,0.000343583
2018/6/21,0.000458758
2018/6/24,0.00048408
2018/6/25,0.000341675
2018/6/26,0.000196891
2018/6/27,0.000241116
2018/6/28,0.000234251
2018/7/1,0.000374557
2018/7/2,0.000280558
2018/7/3,8.13E-05
2018/7/4,0.000226138
2018/7/5,0.000180143
2018/7/8,0.000133612
2018/7/9,0.00013826
2018/7/10,0.00054348
2018/7/11,0.000471752
2018/7/12,0.000295746
2018/7/15,0.000382394
2018/7/16,0.000376516
2018/7/17,0.000280235
2018/7/18,0.000424627
2018/7/19,0.000283227
2018/7/22,0.000268437
2018/7/23,0.000186759
2018/7/24,0.000267039
2018/7/25,0.000199482
2018/7/26,0.000130142
2018/7/29,0.000106595
2018/7/30,0.000181441
2018/7/31,0.000253858
2018/8/1,0.000191494
2018/8/2,0.000241157
2018/8/5,0.000170219
2018/8/6,0.000145814
2018/8/7,0.000251111
2018/8/8,0.000195039
2018/8/9,0.000183212
2018/8/12,0.00025209
2018/8/13,0.000256686
2018/8/14,0.000333548
2018/8/15,0.000212551
2018/8/16,0.000137882
2018/8/19,0.000220755
2018/8/20,0.000113622
2018/8/21,0.000211485
2018/8/22,0.000104587
2018/8/23,0.00017981
2018/8/26,0.000106967
2018/8/27,0.000113749
2018/8/28,0.000145078
2018/8/29,0.000127358
2018/8/30,0.000127367
2018/9/2,7.28E-05
2018/9/3,0.000221264
2018/9/4,0.000211374
2018/9/5,0.000213402
2018/9/6,0.000167541
2018/9/9,0.000194164
2018/9/10,0.000126236
2018/9/11,0.000186358
2018/9/12,0.000244143
2018/9/13,0.000199969
2018/9/16,0.000127299
2018/9/17,0.000295336
2018/9/18,0.000144321
2018/9/19,0.000154353
2018/9/20,0.00027579
2018/9/23,0.000265719
2018/9/24,0.000245668
2018/9/25,0.000141698
2018/9/26,0.00011987
2018/9/27,0.000144127
2018/9/30,0.000213212
2018/10/1,0.000132474
2018/10/2,0.000288342
2018/10/3,0.000230003
2018/10/4,0.000233968
2018/10/7,0.000212689
2018/10/8,0.000192276
2018/10/9,0.000202252
2018/10/10,0.000359346
2018/10/11,0.000276333
2018/10/14,0.000352619
2018/10/15,0.000220746
2018/10/16,0.000261123
2018/10/17,0.000273704
2018/10/18,0.000205183
2018/10/21,0.000163741
2018/10/22,0.000357215
2018/10/23,0.000347628
2018/10/24,0.000264484
2018/10/25,0.000250925
2018/10/28,0.000206809
2018/10/29,0.000272316
2018/10/30,0.00032237
2018/10/31,0.000386758
2018/11/1,0.000341236
2018/11/4,0.000247497
2018/11/5,0.000368076
2018/11/6,0.000488791
2018/11/7,0.000303454
2018/11/8,0.000381096
2018/11/11,0.000678063
2018/11/12,0.000851427
2018/11/13,0.000812875
2018/11/14,0.000535618
2018/11/15,0.00051332
2018/11/18,0.000541667
2018/11/19,0.000866253
2018/11/20,0.000763968
2018/11/21,0.000426891
2018/11/22,0.001258356
2018/11/25,0.000951202
2018/11/26,0.000753869
2018/11/27,0.000898385
2018/11/28,0.000900741
2018/11/29,0.000767466
2018/12/2,0.001151718
2018/12/3,0.000534634
2018/12/4,0.000555127
2018/12/5,0.001893496
2018/12/6,0.001588275
2018/12/9,0.000650871
2018/12/10,0.000440687
2018/12/11,0.00043902
2018/12/12,0.000487458
2018/12/13,0.000373509
2018/12/16,0.000490931
2018/12/17,0.000987446
2018/12/18,0.000890209
2018/12/19,0.000961468
2018/12/20,0.000916912
2018/12/23,0.000727135
2018/12/25,0.001548706
2018/12/26,0.001198743
2018/12/27,0.000924163
2018/12/30,0.000786679
2019/1/1,0.001371233
2019/1/2,0.00105566
2019/1/3,0.000848833
2019/1/6,0.000619316
2019/1/7,0.000480454
2019/1/8,0.000655686
2019/1/9,0.000443947
2019/1/10,0.000504371
2019/1/13,0.000542336
2019/1/14,0.000427899
2019/1/15,0.000441903
2019/1/16,0.000398301
2019/1/17,0.000382563
2019/1/20,0.000209562
2019/1/21,0.000395871
2019/1/22,0.000504718
2019/1/23,0.0003729
2019/1/24,0.000277945
2019/1/27,0.000326876
2019/1/28,0.000352053
2019/1/29,0.000357481
2019/1/30,0.000323039
2019/1/31,0.000410512
2019/2/3,0.000467614
2019/2/4,0.000381555
2019/2/5,0.000326616
2019/2/6,0.000350572
2019/2/7,0.000313704
2019/2/10,0.000297744
2019/2/11,0.000302404
2019/2/12,0.000264616
2019/2/13,0.000297024
2019/2/14,0.000221347
2019/2/17,0.000198567
2019/2/18,0.000206884
2019/2/19,0.000220127
2019/2/20,0.000157671
2019/2/21,0.000121867
2019/2/24,0.000289947
2019/2/25,0.000268448
2019/2/26,0.000225664
2019/2/27,0.000166668
2019/2/28,0.000352757
2019/3/3,0.000229923
2019/3/4,0.000223507
2019/3/5,0.000212164
2019/3/6,0.00017388
2019/3/7,0.000300014
2019/3/10,0.000181713
2019/3/11,0.000190354
2019/3/12,0.000135099
2019/3/13,0.000171491
2019/3/14,0.000218768
2019/3/17,0.000162036
2019/3/18,0.000141993
2019/3/19,0.000171775
2019/3/20,0.000152789
2019/3/21,0.000181966
2019/3/24,0.0002076
2019/3/25,0.00011287
2019/3/26,0.000178391
2019/3/27,0.00019033
2019/3/28,0.000150389
2019/3/31,0.000137175
2019/4/1,0.000111939
2019/4/2,0.000146448
2019/4/3,0.000154424
2019/4/4,0.000124447
2019/4/7,0.000104112
2019/4/8,0.000135985
2019/4/9,8.08E-05
2019/4/10,0.000119122
2019/4/11,9.37E-05
2019/4/14,0.000112402
2019/4/15,0.00010576
2019/4/16,9.60E-05
2019/4/17,7.69E-05
2019/4/21,0.000212515
2019/4/22,0.000123895
2019/4/23,8.20E-05
2019/4/24,0.000235487
2019/4/25,0.00042344
2019/4/28,0.000174841
2019/4/29,0.000224485
2019/4/30,0.000218011
2019/5/1,0.000212089
2019/5/2,0.000156123
2019/5/5,0.000566883
2019/5/6,0.000285291
2019/5/7,0.000200241
2019/5/8,0.000200896
2019/5/9,0.000250765
2019/5/12,0.000395732
2019/5/13,0.000268128
2019/5/14,0.000193414
2019/5/15,0.000196243
2019/5/16,0.000181844
2019/5/19,0.000345118
2019/5/20,0.000147184
2019/5/21,0.000198798
2019/5/22,0.000406644
2019/5/23,0.0002738
2019/5/26,0.000690577
2019/5/27,0.000234986
2019/5/28,0.000314053
2019/5/29,0.000382815
2019/5/30,0.000620533
2019/6/2,0.000783006
2019/6/3,0.00058852
2019/6/4,0.000750583
2019/6/5,0.000526606
2019/6/6,0.000546995
2019/6/9,0.000502437
2019/6/10,0.000310847
2019/6/11,0.000486355
2019/6/12,0.000953259
2019/6/13,0.000444768
2019/6/16,0.000273195
2019/6/17,0.000336991
2019/6/18,0.00043173
2019/6/19,0.000489627
2019/6/20,0.000385203
2019/6/23,0.000254471
2019/6/24,0.000422846
2019/6/25,0.000274622
2019/6/26,0.00019221
2019/6/27,0.000283475
2019/6/30,0.000870335
2019/7/1,0.000583846
2019/7/2,0.000427025
2019/7/3,0.000177581
2019/7/4,0.000245173
2019/7/7,0.00025219
2019/7/8,0.000261228
2019/7/9,0.000212242
2019/7/10,0.000185398
2019/7/11,0.000129265
2019/7/14,0.000250488
2019/7/15,0.000456645
2019/7/16,0.000272675
2019/7/17,0.000523137
2019/7/18,0.000445881
2019/7/21,0.000342104
2019/7/22,0.000229373
2019/7/23,0.000419427
2019/7/24,0.000189266
2019/7/25,0.000203205
2019/7/28,0.000177478
2019/7/29,0.000179545
2019/7/30,0.000221663
2019/7/31,0.000999305
2019/8/1,0.000382743
2019/8/4,0.000451728
2019/8/5,0.000405838
2019/8/6,0.001044491
2019/8/7,0.00037538
2019/8/8,0.000325112
2019/8/11,0.00023664
2019/8/12,0.00080917
2019/8/13,0.000536197
2019/8/14,0.000594745
2019/8/15,0.000316856
2019/8/18,0.000265029
2019/8/19,0.000284424
2019/8/20,0.000270941
2019/8/21,0.000276764
2019/8/22,0.000765182
2019/8/25,0.000855346
2019/8/26,0.000311918
2019/8/27,0.000209572
2019/8/28,0.000256204
2019/8/29,0.000494053
2019/9/1,0.000225633
2019/9/2,0.00024903
2019/9/3,0.000290327
2019/9/4,0.000487329
2019/9/5,0.000476745
2019/9/8,0.000284555
2019/9/9,0.000421069
2019/9/10,0.000669681
2019/9/11,0.000657438
2019/9/12,0.000339142
2019/9/15,0.017168235
2019/9/16,0.002642277
2019/9/17,0.000593911
2019/9/18,0.000401322
2019/9/19,0.000262667
2019/9/22,0.000410331
2019/9/23,0.000310968
2019/9/24,0.000573968
2019/9/25,0.000259996
2019/9/26,0.000690381
2019/9/29,0.000272233
2019/9/30,0.000306966
2019/10/1,0.000422793
2019/10/2,0.000534073
2019/10/3,0.000422826
2019/10/6,0.000378168
2019/10/7,0.000385455
2019/10/8,0.000338921
2019/10/9,0.000493682
2019/10/10,0.000406811
2019/10/13,0.000359161
2019/10/14,0.000392104
2019/10/15,0.000296749
2019/10/16,0.000271818
2019/10/17,0.000232737
2019/10/20,0.000272418
2019/10/21,0.000315439
2019/10/22,0.000267658
2019/10/23,0.000201519
2019/10/24,0.000219242
2019/10/27,0.00015073
2019/10/28,0.00020162
2019/10/29,0.00021658
2019/10/30,0.000233202
2019/10/31,0.000227405
2019/11/3,0.000222917
2019/11/4,0.000136037
2019/11/5,0.00034111
2019/11/6,0.000233855
2019/11/7,0.00029433
2019/11/10,0.000228357
2019/11/11,0.000241147
2019/11/12,0.000207608
2019/11/13,0.000187953
2019/11/14,0.00017214
2019/11/17,0.000217372
2019/11/18,0.000233143
2019/11/19,0.000296466
2019/11/20,0.000224413
2019/11/21,0.000255385
2019/11/24,0.000522565
2019/11/25,0.000186272
2019/11/26,0.000141126
2019/11/27,9.49E-05
2019/11/28,0.000233593
2019/12/1,0.000311671
2019/12/2,0.000257115
2019/12/3,0.000287225
2019/12/4,0.000254089
2019/12/5,0.000382261
2019/12/8,0.000126533
2019/12/9,0.000201163
2019/12/10,0.000209471
2019/12/11,0.000194564
2019/12/12,0.000284838
2019/12/15,7.40E-05
2019/12/16,9.64E-05
2019/12/17,0.00015835
2019/12/18,6.92E-05
2019/12/19,0.000120861
2019/12/22,7.58E-05
2019/12/23,6.02E-05
2019/12/25,0.000351939
2019/12/26,6.23E-05
2019/12/29,0.000189158
2019/12/30,0.000199658
2020/1/1,0.000158229
2020/1/2,0.000611577
2020/1/5,0.000425598
2020/1/6,0.000265157
2020/1/7,0.001333527
2020/1/8,0.000336425
2020/1/9,0.000187277
2020/1/12,0.000190767
2020/1/13,0.000182102
2020/1/14,0.000163698
2020/1/15,0.000141077
2020/1/16,0.00014607
2020/1/19,0.000256798
2020/1/20,0.000161173
2020/1/21,0.000203186
2020/1/22,0.000341104
2020/1/23,0.000435576
2020/1/26,0.000936263
2020/1/27,0.000366216
2020/1/28,0.000337818
2020/1/29,0.000415126
2020/1/30,0.000556499
2020/2/2,0.000849554
2020/2/3,0.000685301
2020/2/4,0.000815566
2020/2/5,0.000596424
2020/2/6,0.000347821
2020/2/9,0.000425152
2020/2/10,0.000300428
2020/2/11,0.000352077
2020/2/12,0.00045214
2020/2/13,0.000264069
2020/2/16,0.000121968
2020/2/17,0.000302004
2020/2/18,0.000221371
2020/2/19,0.000249436
2020/2/20,0.000379289
2020/2/23,0.000809895
2020/2/24,0.00041009
2020/2/25,0.000707953
2020/2/26,0.001123166
2020/2/27,0.001411111
2020/3/1,0.002649121
2020/3/2,0.001888544
2020/3/3,0.000934447
2020/3/4,0.000899404
2020/3/5,0.00356847
2020/3/8,0.070225494
2020/3/9,0.006464806
2020/3/10,0.005898064
2020/3/11,0.006095939
2020/3/12,0.006705598
2020/3/15,0.006651847
2020/3/16,0.003963153
2020/3/17,0.006272411
2020/3/18,0.012908783
2020/3/19,0.010473
2020/3/22,0.013174049
2020/3/23,0.004196379
2020/3/24,0.011298278
2020/3/25,0.00225516
2020/3/26,0.001919526
2020/3/29,0.004207596
2020/3/30,0.002839645
2020/3/31,0.002726073
2020/4/1,0.023022927
2020/4/2,0.009560794
2020/4/5,0.016138584
2020/4/6,0.002026246
2020/4/7,0.003273038
2020/4/8,0.008216377
2020/4/12,0.004027089
2020/4/13,0.001870861
2020/4/14,0.003144599
2020/4/15,0.002315855
2020/4/16,0.00294095
2020/4/19,0.004940432
2020/4/20,0.049821986
2020/4/21,0.034511114
2020/4/22,0.012678504
2020/4/23,0.007345642
2020/4/26,0.020062563
2020/4/27,0.006099005
2020/4/28,0.00519941
2020/4/29,0.007009234
2020/4/30,0.004736676
2020/5/3,0.003809652
2020/5/4,0.00292865
2020/5/5,0.005623974
2020/5/6,0.003519896
2020/5/7,0.002403347
2020/5/10,0.003218623
2020/5/11,0.001666269
2020/5/12,0.001877025
2020/5/13,0.001666476
2020/5/14,0.001818851
2020/5/17,0.00173562
2020/5/18,0.001500163
2020/5/19,0.001030184
2020/5/20,0.000955612
2020/5/21,0.00250461
2020/5/24,0.000942584
2020/5/25,0.000896009
2020/5/26,0.001155627
2020/5/27,0.001880016
2020/5/28,0.001736251
2020/5/31,0.001398807
2020/6/1,0.000674004
2020/6/2,0.001770977
2020/6/3,0.000682394
2020/6/4,0.000728389
2020/6/7,0.001545035
2020/6/8,0.001061119
2020/6/9,0.000836932
2020/6/10,0.001556706
2020/6/11,0.002187742
2020/6/14,0.00169566
2020/6/15,0.001728637
2020/6/16,0.001118187
2020/6/17,0.000623709
2020/6/18,0.001021953
2020/6/21,0.000572374
2020/6/22,0.000991944
2020/6/23,0.001336246
2020/6/24,0.001261197
2020/6/25,0.000654394
2020/6/28,0.000787151
2020/6/29,0.000600466
2020/6/30,0.001115176
2020/7/1,0.000479649
2020/7/2,0.000201507
2020/7/5,0.000390266
2020/7/6,0.000357209
2020/7/7,0.000296615
2020/7/8,0.000478418
2020/7/9,0.000489673
2020/7/12,0.000475174
2020/7/13,0.000569236
2020/7/14,0.000513691
2020/7/15,0.000207144
2020/7/16,0.000262446
2020/7/19,0.000236788
2020/7/20,0.000363603
2020/7/21,0.000305091
2020/7/22,0.000411226
2020/7/23,0.000399024
2020/7/26,0.000579507
2020/7/27,0.000264906
2020/7/28,0.000232136
2020/7/29,0.000727885
2020/7/30,0.000424965
2020/8/2,0.00035565
2020/8/3,0.000343916
2020/8/4,0.000484689
2020/8/5,0.000425751
2020/8/6,0.000387369
2020/8/9,0.00027846
2020/8/10,0.000343728
2020/8/11,0.000255251
2020/8/12,0.00022141
2020/8/13,0.000239865
2020/8/16,0.000192964
2020/8/17,0.000248173
2020/8/18,0.00023487
2020/8/19,0.000338596
2020/8/20,0.000295359
2020/8/23,0.000207718
2020/8/24,0.000282022
2020/8/25,0.00019944
2020/8/26,0.000333678
2020/8/27,0.00019565
2020/8/30,0.000206764
2020/8/31,0.000207477
2020/9/1,0.000409921
2020/9/2,0.000533622
2020/9/3,0.000564409
2020/9/6,0.000513868
2020/9/7,0.000857824
2020/9/8,0.000950398
2020/9/9,0.000548609
2020/9/10,0.000489704
2020/9/13,0.000432092
2020/9/14,0.000520879
2020/9/15,0.000471457
2020/9/16,0.000548988
2020/9/17,0.000484432
2020/9/20,0.000839921
2020/9/21,0.000636665
2020/9/22,0.000755549
2020/9/23,0.000579882
2020/9/24,0.00050919
2020/9/27,0.000353235
2020/9/28,0.000576098
2020/9/29,0.000558902
2020/9/30,0.000738485
2020/10/1,0.001108757
2020/10/4,0.00063737
2020/10/5,0.000575265
2020/10/6,0.000530251
2020/10/7,0.000347762
2020/10/8,0.000402128
2020/10/11,0.000611918
2020/10/12,0.000359315
2020/10/13,0.000295015
2020/10/14,0.000518173
2020/10/15,0.000344252
2020/10/18,0.000366794
2020/10/19,0.000396475
2020/10/20,0.000389199
2020/10/21,0.000336432
2020/10/22,0.00040246
2020/10/25,0.000564123
2020/10/26,0.000399035
2020/10/27,0.000525935
2020/10/28,0.001021367
2020/10/29,0.000939986
2020/11/1,0.002134856
2020/11/2,0.001076416
2020/11/3,0.001338304
2020/11/4,0.000661218
2020/11/5,0.000768049
2020/11/8,0.001596434
2020/11/9,0.000692169
2020/11/10,0.000667659
2020/11/11,0.000740441
2020/11/12,0.000406875
2020/11/15,0.000523048
2020/11/16,0.000501085
2020/11/17,0.000446612
2020/11/18,0.000350286
2020/11/19,0.000280751
2020/11/22,0.000387938
2020/11/23,0.000371416
2020/11/24,0.000463214
2020/11/25,0.000299383
2020/11/26,0.000319125
2020/11/29,0.000591099
2020/11/30,0.000407897
2020/12/1,0.000405507
2020/12/2,0.000507322
2020/12/3,0.000454221
2020/12/6,0.000258551
2020/12/7,0.000300516
2020/12/8,0.000458627
2020/12/9,0.000301467
2020/12/10,0.000317193
2020/12/13,0.000365199
2020/12/14,0.000261625
2020/12/15,0.000270076
2020/12/16,0.000199012
2020/12/17,0.000219475
2020/12/20,0.000746496
2020/12/21,0.000419432
2020/12/22,0.000359742
2020/12/23,0.00025697
2020/12/27,0.000415526
2020/12/28,0.00023021
2020/12/29,0.000238853
2020/12/30,0.000191838
2021/1/3,0.00096799
2021/1/4,0.00057129
2021/1/5,0.00068244
2021/1/6,0.000323611
2021/1/7,0.000277378
2021/1/10,0.000303237
2021/1/11,0.000239543
2021/1/12,0.000296358
2021/1/13,0.000253216
2021/1/14,0.000325867
2021/1/17,0.00020296
2021/1/18,0.000215378
2021/1/19,0.000224842
2021/1/20,0.000218102
2021/1/21,0.000359766
2021/1/24,0.000257895
2021/1/25,0.000186494
2021/1/26,0.000256367
2021/1/27,0.000270002
2021/1/28,0.000259529
2021/1/31,0.000306361
2021/2/1,0.000319461
2021/2/2,0.000211415
2021/2/3,0.000191813
2021/2/4,0.000169931
2021/2/7,0.000146552
2021/2/8,0.000200175
2021/2/9,0.000158558
2021/2/10,0.00013482
2021/2/11,0.000184312
2021/2/14,0.000286032
2021/2/15,0.000270874
2021/2/16,0.000409547
2021/2/17,0.00036475
2021/2/18,0.000565191
2021/2/21,0.000378949
2021/2/22,0.000713274
2021/2/23,0.000341913
2021/2/24,0.000311836
2021/2/25,0.00054225
2021/2/28,0.000430871
2021/3/1,0.000539034
2021/3/2,0.000456884
2021/3/3,0.000856663
2021/3/4,0.000425461
2021/3/7,0.00078583
2021/3/8,0.000520985
2021/3/9,0.000737679
2021/3/10,0.000287392
2021/3/11,0.000204153
2021/3/14,0.00036801
2021/3/15,0.000319313
2021/3/16,0.000343622
2021/3/17,0.000888157
2021/3/18,0.001191701
2021/3/21,0.000546362
2021/3/22,0.00104595
2021/3/23,0.000750854
2021/3/24,0.000860613
2021/3/25,0.000515952
2021/3/28,0.000697913
2021/3/29,0.00052388
2021/3/30,0.00050539
2021/3/31,0.001116822
2021/4/4,0.000622779
2021/4/5,0.000716549
2021/4/6,0.000678958
2021/4/7,0.000402377
2021/4/8,0.000201243
2021/4/11,0.000415259
2021/4/12,0.000212415
2021/4/13,0.000326823
2021/4/14,0.000206058
2021/4/15,0.00016319
2021/4/18,0.000198029
2021/4/19,0.000390774
2021/4/20,0.00039599
2021/4/21,0.000304917
2021/4/22,0.000245449
2021/4/25,0.000407557
2021/4/26,0.000222695
2021/4/27,0.000230034
2021/4/28,0.000223189
2021/4/29,0.000252845
2021/5/2,0.000265142
2021/5/3,0.000300496
2021/5/4,0.000292693
2021/5/5,0.000321902
2021/5/6,0.000289431
2021/5/9,0.000351219
2021/5/10,0.000380622
2021/5/11,0.000324238
2021/5/12,0.000401664
2021/5/13,0.000248501
2021/5/16,0.000214634
2021/5/17,0.000690882
2021/5/18,0.00056011
2021/5/19,0.000522588
2021/5/20,0.00033092
2021/5/23,0.000269572
2021/5/24,0.000250466
2021/5/25,0.000196176
2021/5/26,0.000137127
2021/5/27,0.000184004
2021/5/30,0.000109565
2021/5/31,0.000258746
2021/6/1,0.000170054
2021/6/2,0.000229821
2021/6/3,0.000140886
2021/6/6,0.000172875
2021/6/7,0.000200581
2021/6/8,0.000165893
2021/6/9,0.000529285
2021/6/10,0.000137908
2021/6/13,0.000100017
2021/6/14,0.000123514
2021/6/15,0.000180339
2021/6/16,0.000322124
2021/6/17,0.000209494
2021/6/20,0.000224225
2021/6/21,0.000164552
2021/6/22,0.000117377
2021/6/23,0.000125086
2021/6/24,0.000258682
2021/6/27,0.000124383
2021/6/28,0.000191122
2021/6/29,0.00021831
2021/6/30,0.000286607
2021/7/1,0.000165905
2021/7/4,0.000148113
2021/7/5,0.000371527
2021/7/6,0.000655085
2021/7/7,0.000417971
2021/7/8,0.00018872
2021/7/11,0.000226813
2021/7/12,0.000167879
2021/7/13,0.000440917
2021/7/14,0.000327023
2021/7/15,0.000312173
2021/7/18,0.000690482
2021/7/19,0.000744963
2021/7/20,0.000333797
2021/7/21,0.000318404
2021/7/22,0.000157457
2021/7/25,0.000425138
2021/7/26,0.000174817
2021/7/27,0.000169018
2021/7/28,0.000108208
2021/7/29,0.000150148
2021/8/1,0.000350111
2021/8/2,0.000526016
2021/8/3,0.000472385
2021/8/4,0.000381556
2021/8/5,0.000392694
2021/8/8,0.000651231
2021/8/9,0.000313615
2021/8/10,0.000566867
2021/8/11,0.000204032
2021/8/12,0.000217553
2021/8/15,0.000504493
2021/8/16,0.000361247
2021/8/17,0.000363622
2021/8/18,0.000570216
2021/8/19,0.00037678
2021/8/22,0.000369313
2021/8/23,0.000276638
2021/8/24,0.000334411
2021/8/25,0.000241215
2021/8/26,0.000183492
2021/8/29,0.000353013
2021/8/30,0.000225288
2021/8/31,0.000307855
2021/9/1,0.000186991
2021/9/2,0.000195317
2021/9/5,0.000170193
2021/9/6,0.000352729
2021/9/7,0.000191368
2021/9/8,0.000476997
2021/9/9,0.000173654
2021/9/12,0.000243315
2021/9/13,0.000188181
2021/9/14,0.00020119
2021/9/15,0.000246842
2021/9/16,0.000258187
2021/9/19,0.000341128
2021/9/20,0.000283092
2021/9/21,0.000190347
2021/9/22,0.00015897
2021/9/23,0.000160532
2021/9/26,0.000272237
2021/9/27,0.000365468
2021/9/28,0.000318315
2021/9/29,0.000660339
2021/9/30,0.000288281
2021/10/3,0.000348677
2021/10/4,0.000195477
2021/10/5,0.000426727
2021/10/6,0.000469935
2021/10/7,0.000275944
2021/10/10,0.000259559
2021/10/11,0.00031273
2021/10/12,0.00023933
2021/10/13,0.000175131
2021/10/14,0.000136949
2021/10/17,0.000251647
2021/10/18,0.000226649
2021/10/19,0.000257133
2021/10/20,0.000234634
2021/10/21,0.000272362
2021/10/24,0.000279084
2021/10/25,0.000144371
2021/10/26,0.000299085
2021/10/27,0.000413928
2021/10/28,0.000326637
2021/10/31,0.000245178
2021/11/1,0.000255878
2021/11/2,0.000382966
2021/11/3,0.000639395
2021/11/4,0.000469712
2021/11/7,0.000309362
2021/11/8,0.000196792
2021/11/9,0.000343378
2021/11/10,0.000454206
2021/11/11,0.000323416
2021/11/14,0.000295906
2021/11/15,0.000246076
2021/11/16,0.000300774
2021/11/17,0.000316661
2021/11/18,0.000781467
2021/11/21,0.000646118
2021/11/22,0.000584211
2021/11/23,0.000335439
2021/11/24,0.000312461
2021/11/25,0.001357967
2021/11/28,0.002762319
2021/11/29,0.002163152
2021/11/30,0.001421891
2021/12/1,0.002734249
2021/12/2,0.000930818
2021/12/5,0.000858229
2021/12/6,0.000534114
2021/12/7,0.000719789
2021/12/8,0.000350809
2021/12/9,0.00042742
2021/12/12,0.00045443
2021/12/13,0.000460229
2021/12/14,0.000366256
2021/12/15,0.000313194
2021/12/16,0.000339154
2021/12/19,0.000906705
2021/12/20,0.00042437
2021/12/21,0.000282547
2021/12/22,0.000227186
2021/12/26,0.000424951
2021/12/27,0.000261638
2021/12/28,0.000320582
2021/12/29,0.000206961
2021/12/30,0.000371332
2022/1/2,0.000473688
2022/1/3,0.000365305
2022/1/4,0.000252456
2022/1/5,0.000377543
2022/1/6,0.000257762
2022/1/9,0.00035439
2022/1/10,0.000294637
2022/1/11,0.000222951
2022/1/12,0.000184263
2022/1/13,0.000218546
2022/1/16,0.000160839
2022/1/17,0.000308513
2022/1/18,0.000345205
2022/1/19,0.000256797
2022/1/20,0.000533645
2022/1/23,0.000633887
2022/1/24,0.000385849
2022/1/25,0.000277556
2022/1/26,0.000415152
2022/1/27,0.000395646
2022/1/30,0.000260311
2022/1/31,0.000361139
2022/2/1,0.000429063
2022/2/2,0.000266621
2022/2/3,0.00030482
2022/2/6,0.000384834
2022/2/7,0.000480856
2022/2/8,0.0002924
2022/2/9,0.0003919
2022/2/10,0.000529069
2022/2/13,0.000635898
2022/2/14,0.00058693
2022/2/15,0.000589918
2022/2/16,0.000936823
2022/2/17,0.000620548
2022/2/20,0.000585969
2022/2/21,0.000831798
2022/2/22,0.001446067
2022/2/23,0.001904724
2022/2/24,0.001289376
2022/2/27,0.004689705
2022/2/28,0.00164898
2022/3/1,0.002520783
2022/3/2,0.00406055
2022/3/3,0.002116828
2022/3/6,0.018458838
2022/3/7,0.004831642
2022/3/8,0.006936634
2022/3/9,0.004624637
2022/3/10,0.002555645
2022/3/13,0.002194898
2022/3/14,0.002876083
2022/3/15,0.002400315
2022/3/16,0.001328399
2022/3/17,0.001201514
2022/3/20,0.001174874
2022/3/21,0.001913522
2022/3/22,0.000987811
2022/3/23,0.00145753
2022/3/24,0.002509681
2022/3/27,0.001912504
2022/3/28,0.003517322
2022/3/29,0.00101753
2022/3/30,0.002081982
2022/3/31,0.001306844
2022/4/3,0.001069874
2022/4/4,0.001147952
2022/4/5,0.001181045
2022/4/6,0.001230944
2022/4/7,0.0008962
2022/4/10,0.00099255
2022/4/11,0.00079875
2022/4/12,0.000755141
2022/4/13,0.000640173
2022/4/17,0.00081743
2022/4/18,0.000803943
2022/4/19,0.000842931
2022/4/20,0.000860724
2022/4/21,0.000689335
2022/4/24,0.001161087
2022/4/25,0.000931052
2022/4/26,0.000774275
2022/4/27,0.000892737
2022/4/28,0.000641454
2022/5/1,0.001201377
2022/5/2,0.00083562
2022/5/3,0.000565348
2022/5/4,0.000946616
2022/5/5,0.000708749
2022/5/8,0.001121165
2022/5/9,0.001441689
2022/5/10,0.000988617
2022/5/11,0.000955818
2022/5/12,0.000468648
2022/5/15,0.000744274
2022/5/16,0.00069928
2022/5/17,0.000862391
2022/5/18,0.00116276
2022/5/19,0.000607775
2022/5/22,0.000482925
2022/5/23,0.000522716
2022/5/24,0.000927607
2022/5/25,0.00026553
2022/5/26,0.000370062
2022/5/29,0.000192554
2022/5/30,0.000731728
2022/5/31,0.000483286
2022/6/1,0.000996942
2022/6/2,0.00036377
2022/6/5,0.000465657
2022/6/6,0.000473232
2022/6/7,0.000305449
2022/6/8,0.000252981
2022/6/9,0.000478106
2022/6/12,0.000803464
2022/6/13,0.000749255
2022/6/14,0.000834541
2022/6/15,0.000814811
2022/6/16,0.000883075
2022/6/19,0.000681283
2022/6/20,0.000540341
2022/6/21,0.001192386
2022/6/22,0.00093322
2022/6/23,0.000616658
2022/6/26,0.002030709
2022/6/27,0.000457747
2022/6/28,0.000532338
2022/6/29,0.000705856
2022/6/30,0.000723898
2022/7/3,0.000364645
2022/7/4,0.001516256
2022/7/5,0.002047593
2022/7/6,0.001116835
2022/7/7,0.001006554
2022/7/10,0.001079925
2022/7/11,0.001198368
2022/7/12,0.001441368
2022/7/13,0.00137771
2022/7/14,0.001019546
2022/7/17,0.000907335
2022/7/18,0.000712252
2022/7/19,0.00054844
2022/7/20,0.00105722
2022/7/21,0.000863806
2022/7/24,0.000744014
2022/7/25,0.002935398
2022/7/26,0.000681663
2022/7/27,0.000651658
2022/7/28,0.000489268
2022/7/31,0.001085511
2022/8/1,0.000948436
2022/8/2,0.000829702
2022/8/3,0.000896193
2022/8/4,0.000715424
2022/8/7,0.00074289
2022/8/8,0.000614136
2022/8/9,0.000778717
2022/8/10,0.000450203
2022/8/11,0.000514044
2022/8/14,0.000714171
2022/8/15,0.0008714
2022/8/16,0.000730902
2022/8/17,0.000468265
2022/8/18,0.000551043
2022/8/21,0.001189519
2022/8/22,0.000453029
2022/8/23,0.000775788
2022/8/24,0.000651831
2022/8/25,0.00060464
2022/8/28,0.000540691
2022/8/29,0.000849496
2022/8/30,0.001058139
2022/8/31,0.000914638
2022/9/1,0.000782527
2022/9/4,0.000454225
2022/9/5,0.000803677
2022/9/6,0.000983037
2022/9/7,0.00082151
2022/9/8,0.000514915
2022/9/11,0.000564317
2022/9/12,0.001185263
2022/9/13,0.000771866
2022/9/14,0.000804617
2022/9/15,0.000831592
2022/9/18,0.00060118
2022/9/19,0.000757964
2022/9/20,0.001036529
2022/9/21,0.000915463
2022/9/22,0.000693324
2022/9/25,0.00138018
2022/9/26,0.00095612
2022/9/27,0.000820002
2022/9/28,0.000812348
2022/9/29,0.000939099
2022/10/2,0.001252641
2022/10/3,0.000579891
2022/10/4,0.000860328
2022/10/5,0.00035248
2022/10/6,0.000440695
2022/10/9,0.000580777
2022/10/10,0.000643914
2022/10/11,0.00057167
2022/10/12,0.000573891
2022/10/13,0.000557677
2022/10/16,0.000630795
2022/10/17,0.000672124
2022/10/18,0.000655423
2022/10/19,0.000538916
2022/10/20,0.000568518
2022/10/23,0.000563848
2022/10/24,0.000868734
2022/10/25,0.000393613
2022/10/26,0.000321141
2022/10/27,0.00036244
2022/10/30,0.000650373
2022/10/31,0.000415278
2022/11/1,0.000450146
2022/11/2,0.000346353
2022/11/3,0.000438788
2022/11/6,0.00069958
2022/11/7,0.000347979
2022/11/8,0.000454953
2022/11/9,0.000598797
2022/11/10,0.000474167
2022/11/13,0.000490149
2022/11/14,0.00083559
2022/11/15,0.00053036
2022/11/16,0.000431729
2022/11/17,0.000587476
2022/11/20,0.00202322
2022/11/21,0.000497124
2022/11/22,0.000882413
2022/11/23,0.000263456
2022/11/24,0.000307019
2022/11/27,0.000895619
2022/11/28,0.001054976
2022/11/29,0.00052886
2022/11/30,0.000491984
2022/12/1,0.000595408
2022/12/4,0.00073394
2022/12/5,0.000761228
2022/12/6,0.001029959
2022/12/7,0.000960424
2022/12/8,0.000846459
2022/12/11,0.000607468
2022/12/12,0.00063234
2022/12/13,0.000424144
2022/12/14,0.000526043
2022/12/15,0.000710908
2022/12/18,0.0006628
2022/12/19,0.000696605
2022/12/20,0.000373321
2022/12/21,0.000425078
2022/12/22,0.000487842
2022/12/26,0.000611739
2022/12/27,0.00042833
2022/12/28,0.00044357
2022/12/29,0.000489096
2023/1/2,0.000805205
2023/1/3,0.000734506
2023/1/4,0.000673041
2023/1/5,0.000586399
2023/1/8,0.000427705
2023/1/9,0.000474336
2023/1/10,0.000454387
2023/1/11,0.000414041
2023/1/12,0.000247905
2023/1/15,0.00018541
2023/1/16,0.000314443
2023/1/17,0.000434288
2023/1/18,0.000460974
2023/1/19,0.000358043
2023/1/22,0.000297557
2023/1/23,0.000350657
2023/1/24,0.000443304
2023/1/25,0.000386741
2023/1/26,0.00037951
2023/1/29,0.000568801
2023/1/30,0.000405458
2023/1/31,0.000479566
2023/2/1,0.000544715
2023/2/2,0.000609997
2023/2/5,0.000522558
2023/2/6,0.000485519
2023/2/7,0.000351876
2023/2/8,0.000369299
2023/2/9,0.000529721
2023/2/12,0.000299509
2023/2/13,0.000450392
2023/2/14,0.000391289
2023/2/15,0.000354227
2023/2/16,0.000514417
2023/2/19,0.000163058
2023/2/20,0.00041904
2023/2/21,0.000364271
2023/2/22,0.000360878
2023/2/23,0.000437464
2023/2/26,0.000374163
2023/2/27,0.000285987
2023/2/28,0.000371623
2023/3/1,0.000199792
2023/3/2,0.000429309
2023/3/5,0.000244873
2023/3/6,0.000312325
2023/3/7,0.000373906
2023/3/8,0.000334026
2023/3/9,0.000506367
2023/3/12,0.001093286
2023/3/13,0.000671795
2023/3/14,0.001354751
2023/3/15,0.001502519
2023/3/16,0.001197659
2023/3/19,0.001266339
2023/3/20,0.000751894
2023/3/21,0.000513894
2023/3/22,0.000433094
2023/3/23,0.000801478
2023/3/26,0.000408954
2023/3/27,0.000331866
2023/3/28,0.000295092
2023/3/29,0.000300637
2023/3/30,0.000250236
2023/4/2,0.005182647
2023/4/3,0.000398021
2023/4/4,0.000264804
2023/4/5,0.000288989
2023/4/9,0.000260706
2023/4/10,0.000193806
2023/4/11,0.000208086
2023/4/12,0.000154531
2023/4/13,0.000234949
2023/4/16,0.000239372
2023/4/17,0.00024516
2023/4/18,0.00030816
2023/4/19,0.000302402
2023/4/20,0.000229382
2023/4/23,0.000283283
2023/4/24,0.000282621
2023/4/25,0.000479159
2023/4/26,0.000361607
2023/4/27,0.000400643
2023/4/30,0.000311009
2023/5/1,0.000408747
2023/5/2,0.000545123
2023/5/3,0.001715347
2023/5/4,0.000359621
2023/5/7,0.000259684
2023/5/8,0.000422938
2023/5/9,0.000418795
2023/5/10,0.000478188
2023/5/11,0.000519165
2023/5/14,0.000305485
2023/5/15,0.000322008
2023/5/16,0.000401033
2023/5/17,0.000237393
2023/5/18,0.000340298
2023/5/21,0.000332796
2023/5/22,0.000274779
2023/5/23,0.000333721
2023/5/24,0.000371533
2023/5/25,0.000265258
2023/5/28,0.000140357
2023/5/29,0.000591523
2023/5/30,0.000650703
2023/5/31,0.000438437
2023/6/1,0.000383506
2023/6/4,0.00098103
2023/6/5,0.000396827
2023/6/6,0.00030975
2023/6/7,0.000689096
2023/6/8,0.000359008
2023/6/11,0.000564661
2023/6/12,0.00032603
2023/6/13,0.000482283
2023/6/14,0.000344987
2023/6/15,0.000249097
2023/6/18,0.000175437
2023/6/19,0.000420178
2023/6/20,0.000325309
2023/6/21,0.000422331
2023/6/22,0.000383738
2023/6/25,0.0004793
2023/6/26,0.000532823
2023/6/27,0.000572624
2023/6/28,0.00035554
2023/6/29,0.000260954
2023/7/2,0.000441293
2023/7/3,0.000131801
2023/7/4,0.000280711
2023/7/5,0.000405018
2023/7/6,0.000245613
2023/7/9,0.000268281
2023/7/10,0.000207302
2023/7/11,0.000205922
2023/7/12,0.000261718
2023/7/13,0.000215838
2023/7/16,0.000703466
2023/7/17,0.000240718
2023/7/18,0.000242953
2023/7/19,0.000229403
2023/7/20,0.000201581
2023/7/23,0.000249015
2023/7/24,0.000173731
2023/7/25,0.000204285
2023/7/26,0.00022122
2023/7/27,0.00020689
2023/7/30,0.000173026
2023/7/31,0.000205759
2023/8/1,0.000304771
2023/8/2,0.000334674
2023/8/3,0.000171176
2023/8/6,0.0002037
2023/8/7,0.000251832
2023/8/8,0.00023018
2023/8/9,0.00022652
2023/8/10,0.000224171
2023/8/13,0.000267203
2023/8/14,0.000264708
2023/8/15,0.000252513
2023/8/16,0.000188347
2023/8/17,0.000253201
2023/8/20,0.000222491
2023/8/21,0.000196573
2023/8/22,0.000298344
2023/8/23,0.000267833
2023/8/24,0.000362543
2023/8/27,0.000206019
2023/8/28,0.000171049
2023/8/29,0.000181302
2023/8/30,0.00013355
2023/8/31,0.000153348
2023/9/3,7.69E-05
2023/9/4,0.000426104
2023/9/5,0.000187168
2023/9/6,0.000168321
2023/9/7,0.000157722
2023/9/10,0.00015315
2023/9/11,0.000117331
2023/9/12,0.000144438
2023/9/13,9.32E-05
2023/9/14,0.000162786
2023/9/17,0.000170598
2023/9/18,0.000197664
2023/9/19,0.000292018
2023/9/20,0.000268478
2023/9/21,0.000238237
2023/9/24,0.000398697
2023/9/25,0.00017915
2023/9/26,0.000188249
2023/9/27,0.000240666
2023/9/28,0.000238105
2023/10/1,0.000274413
2023/10/2,0.000306776
2023/10/3,0.000358684
2023/10/4,0.000611488
2023/10/5,0.000491348
2023/10/8,0.001083124
2023/10/9,0.000282867
2023/10/10,0.00037463
2023/10/11,0.000353604
2023/10/12,0.000317143
2023/10/15,0.00041041
2023/10/16,0.000311928
2023/10/17,0.000418777
2023/10/18,0.000315332
2023/10/19,0.000353642
2023/10/22,0.000395317
2023/10/23,0.000381964
2023/10/24,0.00068198
2023/10/25,0.000350787
2023/10/26,0.000514693
2023/10/29,0.00051649
2023/10/30,0.000361912
2023/10/31,0.000375214
2023/11/1,0.000368143
2023/11/2,0.000488166
2023/11/5,0.000309623
2023/11/6,0.000310063
2023/11/7,0.000492353
2023/11/8,0.000332375
2023/11/9,0.000272545
2023/11/12,0.000231326
2023/11/13,0.000269035
2023/11/14,0.000263754
2023/11/15,0.000458318
2023/11/16,0.000303349
2023/11/19,0.000266679
2023/11/20,0.000227385
2023/11/21,0.000905036
2023/11/22,0.0002791
2023/11/23,0.000207963
2023/11/26,0.00040265
2023/11/27,0.000277564
2023/11/28,0.000331233
2023/11/29,0.001053117
2023/11/30,0.000560713
2023/12/3,0.000679077
2023/12/4,0.000498868
2023/12/5,0.000356021
2023/12/6,0.00030664
2023/12/7,0.000303419
2023/12/10,0.000297734
2023/12/11,0.00036418
2023/12/12,0.000352922
2023/12/13,0.000223425
2023/12/14,0.000352033
2023/12/17,0.000475379
2023/12/18,0.000259382
2023/12/19,0.00027246
2023/12/20,0.000393864
2023/12/21,0.000268232
2023/12/25,0.000304772
2023/12/26,0.000307693
2023/12/27,0.000395735
2023/12/28,0.000368797
2024/1/1,0.00067758
2024/1/2,0.000468723
2024/1/3,0.000438009
2024/1/4,0.000342382
2024/1/7,0.000361529
2024/1/8,0.000360953
2024/1/9,0.000359115
2024/1/10,0.000336252
2024/1/11,0.000415158
2024/1/14,0.000303323
2024/1/15,0.000442639
2024/1/16,0.000300426
2024/1/17,0.000263335
2024/1/18,0.000251153
2024/1/21,0.000304619
2024/1/22,0.000253759
2024/1/23,0.000307213
2024/1/24,0.00016924
2024/1/25,0.00026926
2024/1/28,0.000481849
2024/1/29,0.000243873
2024/1/30,0.000393874
2024/1/31,0.000991557
2024/2/1,0.00042166
2024/2/4,0.000364832
2024/2/5,0.00039161
2024/2/6,0.000204384
2024/2/7,0.000170766
2024/2/8,0.000180308
2024/2/11,0.000235807
2024/2/12,0.00020687
2024/2/13,0.000282316
2024/2/14,0.000191545
2024/2/15,0.000203863
2024/2/18,9.94E-05
2024/2/19,0.000192478
2024/2/20,0.000200627
2024/2/21,0.000165445
2024/2/22,0.000198746
2024/2/25,0.000253583
2024/2/26,0.00014274
2024/2/27,0.000165955
2024/2/28,0.000217602
2024/2/29,0.00016797
2024/3/3,0.00020235
2024/3/4,0.000317992
2024/3/5,0.000145908
2024/3/6,0.000277735
2024/3/7,0.000254946
2024/3/10,0.000215183
2024/3/11,0.000186379
2024/3/12,0.000119155
2024/3/13,0.000127019
2024/3/14,0.000122663
2024/3/17,0.000176696
2024/3/18,0.000123072
2024/3/19,0.000200128
2024/3/20,0.000140928
2024/3/21,0.000124382
2024/3/24,0.000201715
2024/3/25,0.000121633
2024/3/26,0.000131407
2024/3/27,9.06E-05
2024/3/31,0.000166366
2024/4/1,0.000151765
2024/4/2,0.000111056
2024/4/3,0.000189299
2024/4/4,0.000161494
2024/4/7,0.000359661
2024/4/8,0.000151987
2024/4/9,0.000321477
2024/4/10,0.000162437
2024/4/11,0.00020567
2024/4/14,0.000322327
2024/4/15,0.000183215
2024/4/16,0.00025666
2024/4/17,0.000292617
2024/4/18,0.000676015
2024/4/21,0.00023378
2024/4/22,0.000193952
2024/4/23,0.000239798
2024/4/24,0.000317758
2024/4/25,0.000116466
2024/4/28,0.000140007
2024/4/29,0.000224679
2024/4/30,0.000257032
2024/5/1,0.000272092
2024/5/2,0.000164762
2024/5/5,0.000259063
2024/5/6,0.000158587
2024/5/7,0.000153495
2024/5/8,0.000135261
2024/5/9,9.16E-05
2024/5/12,0.000112599
2024/5/13,0.000149832
2024/5/14,0.000208704
2024/5/15,0.000132128
2024/5/16,0.000130031
2024/5/19,0.000163426
2024/5/20,0.000210382
2024/5/21,0.000209181
2024/5/22,0.000199969
2024/5/23,0.000165794
2024/5/26,5.45E-05
2024/5/27,9.95E-05
2024/5/28,9.52E-05
2024/5/29,0.000193579
2024/5/30,0.000244573
2024/6/2,0.000468893
2024/6/3,0.000343544
2024/6/4,0.00020677
2024/6/5,0.000195796
2024/6/6,0.000158669
2024/6/9,0.000178543
2024/6/10,0.00019234
2024/6/11,0.000147264
2024/6/12,0.000148428
2024/6/13,0.000139035
2024/6/16,0.000124451
2024/6/17,0.00012746
2024/6/18,7.83E-05
2024/6/19,0.000108231
2024/6/20,0.000123089
2024/6/23,0.000124574
2024/6/24,0.000199552
2024/6/25,0.000174196
2024/6/26,0.00011894
2024/6/27,0.000133446
2024/6/30,0.000129897
2024/7/1,0.00012981
2024/7/2,0.000150635
2024/7/3,5.60E-05
2024/7/4,0.000126131
2024/7/7,0.000152159
2024/7/8,0.000181232
2024/7/9,0.000149332
2024/7/10,0.000172329
2024/7/11,0.000133621
2024/7/14,0.000154379
2024/7/15,0.000137721
2024/7/16,0.000118614
2024/7/17,0.000140014
2024/7/18,0.000187233
2024/7/21,0.000159046
2024/7/22,0.000191704
2024/7/23,0.000222294
2024/7/24,0.000282581
2024/7/25,0.000345353
2024/7/28,0.00033897
2024/7/29,0.000196364
2024/7/30,0.000200412
2024/7/31,0.000217532
2024/8/1,0.000416933
2024/8/4,0.000760039
2024/8/5,0.000442251
2024/8/6,0.000250315
2024/8/7,0.000234243
2024/8/8,0.000155447
2024/8/11,0.000169554
2024/8/12,0.000169045
2024/8/13,0.000195875
2024/8/14,0.000207387
2024/8/15,0.000235289
2024/8/18,0.000319178
2024/8/19,0.000295872
2024/8/20,0.000299457
2024/8/21,0.000239497
2024/8/22,0.000158479
2024/8/25,0.000213309
2024/8/26,0.000165167
2024/8/27,0.000282371
2024/8/28,0.000267888
2024/8/29,0.000453251
2024/9/1,0.00016348
2024/9/2,0.000493723
2024/9/3,0.000866753
2024/9/4,0.000378797
2024/9/5,0.000407461
2024/9/8,0.000365316
2024/9/9,0.000538419
2024/9/10,0.000521261
2024/9/11,0.000345055
2024/9/12,0.000237454
2024/9/15,0.000289834
2024/9/16,0.000194171
2024/9/17,0.000382242
2024/9/18,0.000247546
2024/9/19,0.000184115
2024/9/22,0.00027393
2024/9/23,0.000217229
2024/9/24,0.000398855
2024/9/25,0.000719696
2024/9/26,0.000410898
2024/9/29,0.000521561
2024/9/30,0.00110725
2024/10/1,0.00044984
2024/10/2,0.000789055
2024/10/3,0.000436887
2024/10/6,0.000388476
2024/10/7,0.000989275
2024/10/8,0.000588299
2024/10/9,0.00039497
2024/10/10,0.000330616
2024/10/13,0.00070443
2024/10/14,0.000495571
2024/10/15,0.000315662
2024/10/16,0.00034429
2024/10/17,0.000332407
2024/10/20,0.000247293
2024/10/21,0.000354891
2024/10/22,0.000265161
2024/10/23,0.000284761
2024/10/24,0.000251449
2024/10/27,0.002542634
2024/10/28,0.000288833
2024/10/29,0.000285734
2024/10/30,0.000449379
2024/10/31,0.00025788
2024/11/3,0.000455062
2024/11/4,0.000194628
2024/11/5,0.000571779
2024/11/6,0.000352085
2024/11/7,0.000222946
2024/11/10,0.000264234
2024/11/11,0.00027197
2024/11/12,0.000320547
2024/11/13,0.000222308
2024/11/14,0.000283175
2024/11/17,0.000311921
2024/11/18,0.000370624
2024/11/19,0.000179377
2024/11/20,0.000195818
2024/11/21,0.00023764
2024/11/24,0.000401936
2024/11/25,0.000381908
2024/11/26,0.000240901
2024/11/27,0.000110044
2024/11/28,0.000248719
2024/12/1,0.000219105
2024/12/2,0.000153921
2024/12/3,0.000248735
2024/12/4,0.000300792
2024/12/5,0.000158634
2024/12/8,0.000143697
2024/12/9,0.000148364
2024/12/10,0.000138247
2024/12/11,0.000177009
2024/12/12,0.000111703
2024/12/15,0.000115653
2024/12/16,0.00015842
2024/12/17,0.000141021
2024/12/18,0.000150193
2024/12/19,0.000146765
2024/12/22,0.000139727
2024/12/23,0.000119105
2024/12/25,0.00014382
2024/12/26,9.66E-05
2024/12/29,0.000144224
2024/12/30,0.000118551
2025/1/1,0.000155703
2025/1/2,8.67E-05
2025/1/5,0.000168084
2025/1/6,0.000153241
2025/1/7,0.000189889
2025/1/8,0.000118692
2025/1/9,0.000357057
2025/1/12,0.000487618
2025/1/13,0.000262458
2025/1/14,0.000285131
2025/1/15,0.000314886
2025/1/16,0.000227755
2025/1/19,0.000263758
2025/1/20,0.000283035
2025/1/21,0.000175597
2025/1/22,0.000338722
2025/1/23,0.00015804
2025/1/26,0.00025332
2025/1/27,0.000220874
2025/1/28,0.000193534
2025/1/29,0.000241878
2025/1/30,0.000283175
2025/2/2,0.000539419
2025/2/3,0.000400005
2025/2/4,0.000167459
2025/2/5,0.000276706
2025/2/6,0.000130896
2025/2/9,0.000118779
2025/2/10,0.000109409
2025/2/11,0.000169974
2025/2/12,0.000154398
2025/2/13,0.000161928
2025/2/16,0.000119185
2025/2/17,0.000167838
2025/2/18,9.42E-05
2025/2/19,0.000135128
2025/2/20,0.000146325
2025/2/23,0.000184332
2025/2/24,0.0001724
2025/2/25,0.00018733
2025/2/26,0.000142641
2025/2/27,0.000143282
2025/3/2,0.000384151
2025/3/3,0.000267588
2025/3/4,0.000274993
2025/3/5,0.000377452
2025/3/6,0.000360278
2025/3/9,0.000225707
2025/3/10,0.00019122
2025/3/11,0.000136985
2025/3/12,0.000176231
2025/3/13,0.000132538
2025/3/16,0.000181529
2025/3/17,0.000189793
2025/3/18,0.00014742
2025/3/19,0.00015029
2025/3/20,0.000115919
2025/3/23,0.000205843
2025/3/24,9.69E-05
2025/3/25,9.07E-05
2025/3/26,0.000104438
2025/3/27,0.000116252
2025/3/30,0.000271201
2025/3/31,0.000127712
2025/4/1,0.000436658
2025/4/2,0.000540006
2025/4/3,0.001742539
2025/4/6,0.004091064
2025/4/7,0.00096078
2025/4/8,0.004965956
2025/4/9,0.001228146
2025/4/10,0.000758536
2025/4/13,0.000418979
2025/4/14,0.000303893
2025/4/15,0.000413583
2025/4/16,0.000241831
2025/4/20,0.000347248
2025/4/21,0.000243239
2025/4/22,0.001172959
2025/4/23,0.000536188
2025/4/24,0.000283695
2025/4/27,0.000342711
2025/4/28,0.000331816
2025/4/29,0.000699129
2025/4/30,0.000605355
