Date,Residual
2016/01/04,-0.000414174610412926
2016/01/05,-0.000931433946403691
2016/01/06,0.000783963589911707
2016/01/07,0.000137364540061663
2016/01/10,-0.000767845245233556
2016/01/11,-0.000659306599995739
2016/01/12,0.000349631431394365
2016/01/13,-0.000210929439626391
2016/01/14,-0.00122939638114531
2016/01/17,0.000236713856872501
2016/01/18,0.000250497381602821
2016/01/19,0.00024247753790703
2016/01/20,0.0003057233580073
2016/01/21,-6.44292666101315e-05
2016/01/24,0.000759287726066614
2016/01/25,0.000161688794817751
2016/01/26,6.70046870262374e-05
2016/01/27,0.000264122517913212
2016/01/28,6.69718959549262e-05
2016/01/31,0.000546236920446539
2016/02/01,-0.000717027632955053
2016/02/02,-0.000119121154284524
2016/02/03,-0.000129809249692016
2016/02/04,-0.000185062245120127
2016/02/07,-0.000650059313770779
2016/02/08,9.7684049866126e-05
2016/02/09,0.00124245334985551
2016/02/10,-0.000611496735478393
2016/02/11,0.00659231767267827
2016/02/14,-0.00263348403923469
2016/02/15,0.00150558214730423
2016/02/16,0.000361508877060895
2016/02/17,-0.00116581584638821
2016/02/18,-0.00123613620099465
2016/02/21,-0.00108860002810532
2016/02/22,-0.000603407356305394
2016/02/23,0.000140029508471402
2016/02/24,0.000766484914741736
2016/02/25,0.000163780460583808
2016/02/28,-0.000775799983885118
2016/02/29,-0.000208972921731494
2016/03/01,0.000314672229751888
2016/03/02,-0.000442643467140507
2016/03/03,-0.000404041901108883
2016/03/06,-0.000262645022836388
2016/03/07,0.000397724677084518
2016/03/08,0.000629988839624933
2016/03/09,0.000374157568025768
2016/03/10,-0.000708465714402958
2016/03/13,0.00040945093678855
2016/03/14,-0.00100528085729544
2016/03/15,-0.000855019059667501
2016/03/16,-0.000685626646087974
2016/03/17,-0.000439065970597828
2016/03/20,-0.000190668150757983
2016/03/21,0.000188551298978153
2016/03/22,0.000226904611773628
2016/03/23,0.000295232774136988
2016/03/27,6.70270845190744e-05
2016/03/28,0.000235050115747173
2016/03/29,0.000520316559673043
2016/03/30,0.00010648292323138
2016/03/31,-0.000174211521677161
2016/04/03,0.000224333467216651
2016/04/04,0.000172848861495252
2016/04/05,-0.00042897013243577
2016/04/06,-0.000360086879015906
2016/04/07,0.00019080321205166
2016/04/10,0.000167630952052867
2016/04/11,-0.000369861566872986
2016/04/12,0.00116752639087141
2016/04/13,0.000301308320065892
2016/04/14,-0.000690662659067605
2016/04/17,0.00271058138367365
2016/04/18,-0.000769522695363734
2016/04/19,-6.33863332379374e-06
2016/04/20,-8.13193190249379e-05
2016/04/21,-0.000385150340149482
2016/04/24,2.98770429659845e-06
2016/04/25,-8.17147322906069e-05
2016/04/26,-2.41205827012705e-05
2016/04/27,-0.000165040395316745
2016/04/28,0.000405716602019178
2016/05/01,-5.85619867668159e-05
2016/05/02,-0.000328784587005786
2016/05/03,-0.000482205764504736
2016/05/04,-1.46511710028566e-05
2016/05/05,0.000171010538857883
2016/05/08,0.000228041535917205
2016/05/09,-0.000588615354122597
2016/05/10,-4.54418556234911e-06
2016/05/11,0.000203836583375345
2016/05/12,0.000215634954854539
2016/05/15,-0.00010673527746935
2016/05/16,-0.000312201639908642
2016/05/17,-0.000362105138157778
2016/05/18,-0.00040288968011
2016/05/19,-0.000313216933775517
2016/05/22,-0.000140581603070973
2016/05/23,-0.000119424486812785
2016/05/24,-0.000107870220265717
2016/05/25,8.44602790710138e-05
2016/05/26,0.000211141490530854
2016/05/29,5.00015832630646e-05
2016/05/30,0.000207859684444653
2016/05/31,0.000424628392628135
2016/06/01,0.000267780488186628
2016/06/02,0.000258016139593873
2016/06/05,0.000160110738728415
2016/06/06,-0.00015487567822905
2016/06/07,-0.000454038232223531
2016/06/08,-0.000278131578415466
2016/06/09,0.000180980587189966
2016/06/12,0.000330491172579178
2016/06/13,-0.000162184889264427
2016/06/14,0.000130886141312058
2016/06/15,0.000284325112635397
2016/06/16,9.26575783077482e-05
2016/06/19,-7.18519946156741e-05
2016/06/20,-1.7972621407253e-06
2016/06/21,0.000130899045190091
2016/06/22,-0.000170361755522334
2016/06/23,0.00107805464219526
2016/06/26,-7.66017446791028e-05
2016/06/27,0.000106002915013545
2016/06/28,3.76029786411542e-05
2016/06/29,3.43194697063368e-05
2016/06/30,-0.000189566801617116
2016/07/03,-0.000322156971050386
2016/07/04,-0.000290900536585067
2016/07/05,-0.000183547141707581
2016/07/06,0.000314016817023619
2016/07/07,8.49645287833732e-05
2016/07/10,-7.79604799903836e-05
2016/07/11,-0.000210827588221551
2016/07/12,-0.000165781898246902
2016/07/13,3.90277139764467e-05
2016/07/14,-4.38538505595201e-05
2016/07/17,-5.69594156464551e-05
2016/07/18,-3.27910178361784e-05
2016/07/19,0.000239234334436011
2016/07/20,-2.35135721170021e-05
2016/07/21,-9.1862009749665e-05
2016/07/24,-0.000324258399863264
2016/07/25,-0.000134180210027055
2016/07/26,0.000184224490267115
2016/07/27,-0.000103537278589153
2016/07/28,3.39482637279774e-05
2016/07/31,3.75640801415701e-05
2016/08/01,5.46492916714935e-05
2016/08/02,0.000301781366624231
2016/08/03,5.14078367782971e-05
2016/08/04,-8.64461087156908e-05
2016/08/07,-0.000228686957227411
2016/08/08,6.00375670523745e-06
2016/08/09,8.51747227275814e-05
2016/08/10,-5.84247267437597e-05
2016/08/11,0.000105532022659868
2016/08/14,0.000105493775022517
2016/08/15,9.8450452345065e-05
2016/08/16,5.35500045089287e-06
2016/08/17,-6.97414855116578e-05
2016/08/18,3.01751623243032e-05
2016/08/21,-5.05237192700006e-05
2016/08/22,0.00029928241212102
2016/08/23,6.29068939587122e-06
2016/08/24,-0.00017061040229976
2016/08/25,-5.34649996077231e-05
2016/08/28,-0.000170242012624651
2016/08/29,-2.390605673466e-05
2016/08/30,3.95416783938179e-05
2016/08/31,-1.42024427945348e-05
2016/09/01,6.48816812740151e-05
2016/09/04,0.000286835246375581
2016/09/05,-0.000117540151378018
2016/09/06,4.98085066428938e-05
2016/09/07,7.62834719597138e-06
2016/09/08,-0.000201777999064485
2016/09/11,0.000148311712974106
2016/09/12,-5.52454983710005e-05
2016/09/13,6.42788969953304e-05
2016/09/14,8.01815858491293e-05
2016/09/15,-0.000104892336565267
2016/09/18,-0.000172080993205856
2016/09/19,8.16086585364219e-05
2016/09/20,-5.7214321528096e-05
2016/09/21,-0.000292542879729519
2016/09/22,0.00012130807255794
2016/09/25,1.14949478497565e-05
2016/09/26,1.1603402619827e-06
2016/09/27,0.000413758236021859
2016/09/28,6.10539128501473e-05
2016/09/29,4.82303554963571e-05
2016/10/02,-1.550494797462e-05
2016/10/03,-2.21311769195476e-05
2016/10/04,-0.000176390973530293
2016/10/05,-0.000229923860871484
2016/10/06,-0.000192640305924668
2016/10/09,-5.16696697685581e-05
2016/10/10,-1.96422097814935e-05
2016/10/11,-5.60967312421181e-05
2016/10/12,0.000103644642895397
2016/10/13,-1.91666474875519e-05
2016/10/16,1.75960249742188e-05
2016/10/17,3.81912128608555e-05
2016/10/18,-4.52431742365298e-05
2016/10/19,-0.000111435465712169
2016/10/20,-3.11559860688643e-07
2016/10/23,6.26365541646886e-05
2016/10/24,-0.000104263175346721
2016/10/25,8.15298867976244e-05
2016/10/26,-0.000104423458907914
2016/10/27,-0.000162617418471371
2016/10/30,-0.000335179019738453
2016/10/31,3.32296654368369e-05
2016/11/01,0.000179557196251105
2016/11/02,-0.000138414945627403
2016/11/03,0.000277994752997132
2016/11/06,-2.99837963895841e-05
2016/11/07,-0.000214202503263353
2016/11/08,0.000680822860857263
2016/11/09,-0.000278947618201282
2016/11/10,-0.000236456452355453
2016/11/13,0.000434544195579931
2016/11/14,-8.57663038946032e-05
2016/11/15,0.000434698792637931
2016/11/16,5.5001367184496e-05
2016/11/17,-3.95695356218274e-05
2016/11/20,-0.000142626394864216
2016/11/21,0.000268216112233632
2016/11/22,-4.69622880249938e-05
2016/11/23,-0.0003224203364525
2016/11/24,-0.00012534510912733
2016/11/27,0.000530666896633079
2016/11/28,-1.79065385919799e-05
2016/11/29,0.00079582595262167
2016/11/30,-0.000331848167921605
2016/12/01,-0.000126060345775472
2016/12/04,2.56904873180565e-05
2016/12/05,-0.000210620234072041
2016/12/06,-0.000144001405162689
2016/12/07,-0.000117851469917201
2016/12/08,-0.000535965734356503
2016/12/11,0.00138909035078216
2016/12/12,-0.000399171970057639
2016/12/13,0.000292766265049669
2016/12/14,-0.00014356802623646
2016/12/15,-0.00024586964408856
2016/12/18,-4.75978713677898e-05
2016/12/19,-0.000114175292818634
2016/12/20,-0.000303869935707787
2016/12/21,-0.00018316485438209
2016/12/22,9.09045327452535e-05
2016/12/26,0.000121775788936878
2016/12/27,3.30559605164111e-05
2016/12/28,-8.82783604629677e-05
2016/12/29,-0.000261900765418975
2017/01/02,0.00022284363190695
2017/01/03,-6.43038113169071e-05
2017/01/04,-3.69693319614567e-05
2017/01/05,5.40674693707332e-05
2017/01/08,0.000116129460259084
2017/01/09,6.97015971513227e-05
2017/01/10,0.000184359658487479
2017/01/11,-4.95324003297541e-07
2017/01/12,1.52681158893785e-05
2017/01/15,1.3238745852678e-05
2017/01/16,-4.39966704537873e-05
2017/01/17,0.000128162649499119
2017/01/18,2.21827936011092e-05
2017/01/19,-0.000147144390061648
2017/01/22,1.35762015627986e-05
2017/01/23,7.15853950151649e-05
2017/01/24,0.00011442190643142
2017/01/25,7.38997096176174e-05
2017/01/26,0.000208543478808099
2017/01/29,3.52712596427386e-05
2017/01/30,2.94798499149522e-05
2017/01/31,0.000114916668915631
2017/02/01,4.93005702512967e-05
2017/02/02,-0.00019917608431973
2017/02/05,-0.000215300636685118
2017/02/06,-3.25435031004772e-05
2017/02/07,-7.25801524900363e-05
2017/02/08,-0.000217029483397562
2017/02/09,1.13497513914204e-05
2017/02/12,0.000157256393256103
2017/02/13,-4.43266106937231e-05
2017/02/14,-1.81217687163084e-05
2017/02/15,7.71161423893633e-06
2017/02/16,-7.94092717521698e-05
2017/02/19,-0.000135206643895529
2017/02/20,-1.92624625439032e-05
2017/02/21,-8.34800091181637e-06
2017/02/22,1.98517828549815e-05
2017/02/23,9.55506446608824e-06
2017/02/26,-0.00013595506451587
2017/02/27,-0.000135800842622118
2017/02/28,-5.25662347360221e-05
2017/03/01,-3.55914826844777e-06
2017/03/02,-0.000135322271310294
2017/03/05,-2.79153195383923e-05
2017/03/06,-8.94094715556235e-06
2017/03/07,-5.99707573544318e-05
2017/03/08,0.000382899698743299
2017/03/09,3.50854583774945e-06
2017/03/12,-2.98268356201425e-05
2017/03/13,0.000289444383865354
2017/03/14,5.5495134056389e-05
2017/03/15,3.28406642849187e-05
2017/03/16,-0.00013857042121965
2017/03/19,-2.20289891660301e-05
2017/03/20,7.96365237715923e-06
2017/03/21,0.000208414618973281
2017/03/22,7.16646277128456e-06
2017/03/23,5.65618324705498e-05
2017/03/26,0.000135431294032766
2017/03/27,-1.91770452545015e-05
2017/03/28,2.96101526477064e-05
2017/03/29,1.25182738699009e-05
2017/03/30,-0.000104794127010611
2017/04/02,-0.000100965217616699
2017/04/03,8.01126428105951e-05
2017/04/04,0.000103680000363122
2017/04/05,-7.52038888288931e-05
2017/04/06,0.000204396879618915
2017/04/09,4.17358998959378e-06
2017/04/10,-4.94590496770345e-05
2017/04/11,-0.00010651052243582
2017/04/12,-4.2497151812005e-05
2017/04/16,-0.000136323661090193
2017/04/17,-0.000121179294358108
2017/04/18,-3.03989879674223e-05
2017/04/19,5.70692780547874e-05
2017/04/20,3.0402604696225e-05
2017/04/23,3.64156479874647e-05
2017/04/24,-2.47392948169709e-05
2017/04/25,-9.94874749173053e-06
2017/04/26,-0.000106790690976819
2017/04/27,-1.40774864303206e-05
2017/04/30,-0.000168611938464281
2017/05/01,5.78809127641392e-05
2017/05/02,-9.24658908587283e-06
2017/05/03,-0.000109047312469867
2017/05/04,0.000562577869529174
2017/05/07,-6.57046168951226e-06
2017/05/08,9.77439837377228e-06
2017/05/09,2.45537177049867e-05
2017/05/10,2.6045271252788e-05
2017/05/11,1.24266136576545e-05
2017/05/14,6.17938042839425e-05
2017/05/15,-0.000225154258716335
2017/05/16,2.23370194092515e-05
2017/05/17,7.38851825368374e-05
2017/05/18,-1.91441994282724e-05
2017/05/21,1.05210398219286e-05
2017/05/22,-6.16317019223553e-05
2017/05/23,-0.000164746011009762
2017/05/24,0.000597627674264647
2017/05/25,5.47880343000037e-05
2017/05/28,-0.000169790621803576
2017/05/29,-3.40314729983886e-05
2017/05/30,0.00012829219726671
2017/05/31,0.000106585023598795
2017/06/01,2.730831438412e-05
2017/06/04,-0.000221585691895695
2017/06/05,-0.000136618468263601
2017/06/06,0.000352776163404681
2017/06/07,-0.000121943099173594
2017/06/08,-7.52701236201256e-05
2017/06/11,-9.71799243100035e-05
2017/06/12,-9.14312580558569e-05
2017/06/13,9.78996559447628e-05
2017/06/14,-6.60410179355542e-05
2017/06/15,-0.000157416865798819
2017/06/18,-5.89088504508173e-05
2017/06/19,0.0001089905488191
2017/06/20,0.000243229206942052
2017/06/21,-1.36688894783232e-05
2017/06/22,-1.73007223664908e-05
2017/06/25,-1.65023171401661e-05
2017/06/26,2.0764570020401e-06
2017/06/27,-7.06526026534205e-05
2017/06/28,-8.24000071650254e-05
2017/06/29,-8.91481336798287e-05
2017/07/02,-5.83401513915909e-05
2017/07/03,-0.000138087262301615
2017/07/04,0.000145939746985328
2017/07/05,4.97091800782714e-05
2017/07/06,0.000132952528506222
2017/07/09,-2.59566489240105e-05
2017/07/10,0.00013573380894568
2017/07/11,0.000125951928428106
2017/07/12,-6.45359025792524e-05
2017/07/13,1.47928143429032e-05
2017/07/16,-9.82202592611726e-05
2017/07/17,-6.52054205637826e-06
2017/07/18,4.80749382205971e-05
2017/07/19,-1.85753220698877e-05
2017/07/20,-5.39965099847096e-05
2017/07/23,7.11139453759719e-05
2017/07/24,-1.82492523487016e-05
2017/07/25,6.76715703800657e-05
2017/07/26,-1.9405610450504e-06
2017/07/27,-0.000197998725332637
2017/07/30,-7.30157341029088e-05
2017/07/31,0.000116431225125286
2017/08/01,-1.93745639281289e-05
2017/08/02,3.43277352481028e-05
2017/08/03,8.60993682005749e-05
2017/08/06,0.000127665495019484
2017/08/07,3.85396331148854e-05
2017/08/08,-0.000115968644868187
2017/08/09,-7.59587179787683e-06
2017/08/10,-0.000100642836707066
2017/08/13,-5.01742165574587e-05
2017/08/14,-3.93880266967808e-05
2017/08/15,3.53433312551413e-05
2017/08/16,-1.90433071300973e-05
2017/08/17,2.29801912928702e-05
2017/08/20,-3.64778804173713e-05
2017/08/21,0.000146527052551685
2017/08/22,-5.89556640639446e-05
2017/08/23,5.5434048647863e-05
2017/08/24,-3.84632920856106e-05
2017/08/27,-1.38714012163052e-05
2017/08/28,4.07759006134505e-05
2017/08/29,-2.64997016245105e-05
2017/08/30,5.77553872011629e-05
2017/08/31,-1.87534037231668e-06
2017/09/03,-7.12203027766748e-05
2017/09/04,4.64085498762899e-05
2017/09/05,-2.28816193138385e-05
2017/09/06,-3.88946195723135e-05
2017/09/07,2.98237518220379e-05
2017/09/10,3.95469494538026e-05
2017/09/11,-5.62113662087239e-06
2017/09/12,1.36498364858067e-05
2017/09/13,-2.57283761904121e-05
2017/09/14,-8.68338824502237e-06
2017/09/17,-1.95065460724701e-06
2017/09/18,1.57211506246955e-05
2017/09/19,6.46752046513433e-05
2017/09/20,3.90258992801876e-05
2017/09/21,-2.82198645484478e-05
2017/09/24,1.51961448238242e-05
2017/09/25,6.9695037199078e-05
2017/09/26,-5.80209308818872e-06
2017/09/27,2.12756755253328e-05
2017/09/28,-1.23758511039183e-05
2017/10/01,1.89119615981195e-05
2017/10/02,-2.28794491296824e-05
2017/10/03,2.28312886156413e-05
2017/10/04,-3.97084357425004e-05
2017/10/05,1.72460424566525e-05
2017/10/08,-2.14049024952306e-06
2017/10/09,-1.33646181529029e-05
2017/10/10,2.94139044473321e-05
2017/10/11,5.67845530897162e-05
2017/10/12,2.13569197082663e-05
2017/10/15,8.2550063579786e-05
2017/10/16,2.76938065043405e-05
2017/10/17,-1.14233144150569e-05
2017/10/18,2.69015619720519e-05
2017/10/19,2.88476544273865e-05
2017/10/22,1.05571007359764e-05
2017/10/23,4.04122332578875e-05
2017/10/24,1.07322653786791e-05
2017/10/25,1.38897613108528e-05
2017/10/26,1.15159837664973e-05
2017/10/29,-6.0353197203015e-05
2017/10/30,-8.97714253811662e-05
2017/10/31,4.4576710227884e-05
2017/11/01,-4.13845065790936e-05
2017/11/02,-6.3620825240989e-06
2017/11/05,9.93214651097179e-05
2017/11/06,-4.36878307423956e-05
2017/11/07,9.37340463938018e-05
2017/11/08,-8.26201353629728e-07
2017/11/09,-3.77959096746157e-05
2017/11/12,-2.80938600091041e-05
2017/11/13,2.38840905594264e-05
2017/11/14,-7.17873730631284e-05
2017/11/15,-2.69179642371537e-05
2017/11/16,1.99055444365383e-05
2017/11/19,-1.60141577967857e-05
2017/11/20,2.06233772053316e-05
2017/11/21,1.77481204050211e-05
2017/11/22,-6.27473018413161e-05
2017/11/23,-3.86150881847041e-05
2017/11/26,2.88089662033639e-05
2017/11/27,-1.22947123809854e-05
2017/11/28,9.23101000116751e-05
2017/11/29,6.03906363059718e-05
2017/11/30,3.79775472320669e-05
2017/12/03,6.0916848213862e-06
2017/12/04,-5.52585731496307e-06
2017/12/05,9.82727810860853e-07
2017/12/06,-7.11838571423315e-05
2017/12/07,5.1846798922594e-05
2017/12/10,-8.82436779158004e-06
2017/12/11,7.38436902097929e-05
2017/12/12,2.67068413514797e-05
2017/12/13,3.9511702607605e-05
2017/12/14,-4.74145245380558e-05
2017/12/17,1.42306743801303e-05
2017/12/18,-1.54405220844835e-05
2017/12/19,-3.35086588682897e-05
2017/12/20,-4.63331059209228e-06
2017/12/21,-1.77119540233887e-05
2017/12/25,4.98157109784674e-05
2017/12/26,2.06138711133091e-05
2017/12/27,9.25882043902307e-06
2017/12/28,3.35412244181122e-05
2018/01/01,-2.5722776909335e-06
2018/01/02,-6.30195059015692e-05
2018/01/03,-4.92061120862019e-05
2018/01/04,-3.65657777808786e-05
2018/01/07,-7.21617323472683e-05
2018/01/08,-1.78603733824652e-05
2018/01/09,-4.93571496980731e-05
2018/01/10,8.15651877220612e-06
2018/01/11,3.23278579693851e-05
2018/01/14,-6.16644260108547e-05
2018/01/15,5.15969304200101e-05
2018/01/16,-1.1323939261809e-05
2018/01/17,-3.99312127518385e-05
2018/01/18,3.13829146057354e-05
2018/01/21,1.98193772138619e-05
2018/01/22,1.44085338136827e-06
2018/01/23,-2.04247684000756e-06
2018/01/24,2.93135523648556e-05
2018/01/25,1.49643550406508e-06
2018/01/28,-1.78039647190418e-05
2018/01/29,-7.38302167106382e-05
2018/01/30,-3.65625678386382e-05
2018/01/31,-5.06705662416559e-05
2018/02/01,4.80151311763508e-06
2018/02/04,5.60675130036008e-05
2018/02/05,-1.29343256546194e-05
2018/02/06,0.000116667789585615
2018/02/07,5.50788279014291e-05
2018/02/08,0.000120553379789255
2018/02/11,7.58382560432719e-05
2018/02/12,9.2601835340498e-06
2018/02/13,0.000114386477169064
2018/02/14,0.000110615423694819
2018/02/15,4.07579294323652e-05
2018/02/18,-7.88188283021235e-05
2018/02/19,-1.13931749038448e-05
2018/02/20,-2.70825424489777e-05
2018/02/21,7.09134070220407e-05
2018/02/22,-8.73955288262483e-05
2018/02/25,-5.11454175757542e-05
2018/02/26,-2.70365530395325e-05
2018/02/27,0.000121888397406545
2018/02/28,0.000107116365168104
2018/03/01,7.14588092745925e-06
2018/03/04,-7.3154952453056e-06
2018/03/05,-1.14623187328158e-05
2018/03/06,0.000137859573313867
2018/03/07,-3.36488094760387e-05
2018/03/08,-4.31354533118429e-05
2018/03/11,-7.62866284603559e-05
2018/03/12,0.000129184925208275
2018/03/13,6.77178704525243e-05
2018/03/14,-6.95695325707709e-05
2018/03/15,-6.98550449870165e-05
2018/03/18,-3.95087530240558e-05
2018/03/19,-2.09500679126535e-05
2018/03/20,-3.06977858338099e-05
2018/03/21,-1.07544314422308e-05
2018/03/22,4.64323700852298e-05
2018/03/25,3.97260776538165e-05
2018/03/26,0.000100053140205928
2018/03/27,0.00010647412630469
2018/03/28,-7.3979566087707e-05
2018/04/01,4.09879315367657e-06
2018/04/02,-4.63648270198923e-05
2018/04/03,2.0551656527749e-05
2018/04/04,-9.6075850526086e-05
2018/04/05,4.25005241399359e-05
2018/04/08,-7.98482158407731e-05
2018/04/09,1.63295118454832e-05
2018/04/10,0.000114367218209308
2018/04/11,8.74674575149726e-05
2018/04/12,4.77088318815848e-06
2018/04/15,-4.55159040047485e-05
2018/04/16,-2.26617958880869e-05
2018/04/17,4.50583679615213e-05
2018/04/18,2.05844537841004e-05
2018/04/19,-3.04302733164758e-05
2018/04/22,-2.61460749575596e-05
2018/04/23,7.13064309667327e-05
2018/04/24,0.000122082523496835
2018/04/25,-6.73904322346082e-05
2018/04/26,-0.000157346125494658
2018/04/29,-2.84303299556796e-05
2018/04/30,-7.33639681841129e-05
2018/05/01,3.00010303619589e-06
2018/05/02,-1.32515116215193e-06
2018/05/03,-3.25485233463971e-05
2018/05/06,-0.000102094840158199
2018/05/07,0.000510490926701394
2018/05/08,-9.47948136933169e-05
2018/05/09,-4.39023337334009e-05
2018/05/10,-3.33033308562939e-05
2018/05/13,-5.0906750702879e-05
2018/05/14,-6.49166260714907e-06
2018/05/15,-0.000110679696038544
2018/05/16,-8.08845287579396e-05
2018/05/17,-9.6915649832082e-05
2018/05/20,-3.57766582709523e-05
2018/05/21,-7.43709658669765e-05
2018/05/22,-3.62613274746326e-05
2018/05/23,-0.000108309988721816
2018/05/24,-2.4823311018447e-05
2018/05/27,0.000110988354463898
2018/05/28,3.58621902377147e-05
2018/05/29,-2.76225828330335e-05
2018/05/30,0.000160090594184011
2018/05/31,9.21729092464623e-05
2018/06/03,2.48870764680507e-05
2018/06/04,-9.27492870233856e-06
2018/06/05,5.53594525969334e-05
2018/06/06,-6.46511250292569e-05
2018/06/07,-4.98507630756812e-05
2018/06/10,-3.24728317507031e-05
2018/06/11,-9.42005006336225e-05
2018/06/12,-5.41274394129123e-05
2018/06/13,-0.000154686794751973
2018/06/14,-2.43729371710912e-05
2018/06/17,1.39304871783683e-05
2018/06/18,-8.30491447525707e-06
2018/06/19,0.000144235065238739
2018/06/20,4.45778584940654e-05
2018/06/21,8.12034256943742e-05
2018/06/24,0.000103063384596597
2018/06/25,7.32242656826514e-05
2018/06/26,-3.53623971279162e-05
2018/06/27,5.18837027934608e-06
2018/06/28,-0.00013785927049203
2018/07/01,0.000167145324878673
2018/07/02,5.41584465781875e-05
2018/07/03,-0.000137148016543293
2018/07/04,8.20316427771829e-05
2018/07/05,1.48465965298239e-05
2018/07/08,-6.80388313986405e-06
2018/07/09,-0.000174670501647937
2018/07/10,9.4214612816231e-05
2018/07/11,5.16795770656512e-05
2018/07/12,-5.55295981871829e-05
2018/07/15,0.000195413797619108
2018/07/16,3.63173518052613e-05
2018/07/17,-2.46860162169123e-05
2018/07/18,0.000171538550660303
2018/07/19,2.27083174471402e-05
2018/07/22,3.12979949526483e-05
2018/07/23,-2.80167141661092e-05
2018/07/24,0.00011216615030086
2018/07/25,-3.63676501293451e-05
2018/07/26,5.582169067556e-05
2018/07/29,-6.40543945773414e-05
2018/07/30,3.39932889311391e-05
2018/07/31,1.33269506888387e-05
2018/08/01,-3.14007273918712e-05
2018/08/02,1.75266633237127e-05
2018/08/05,5.46893597093541e-05
2018/08/06,-2.2823762431805e-05
2018/08/07,5.83466290848964e-05
2018/08/08,3.40318768331421e-05
2018/08/09,3.15896297340424e-06
2018/08/12,5.57100687514096e-05
2018/08/13,0.000134507414372536
2018/08/14,0.000128610231588044
2018/08/15,5.41128897603043e-05
2018/08/16,-5.2936685101288e-05
2018/08/19,5.71471054859111e-05
2018/08/20,-5.1311750491532e-05
2018/08/21,5.5584767077285e-05
2018/08/22,-5.40734261055612e-05
2018/08/23,4.50568518665555e-05
2018/08/26,-3.96657610274519e-05
2018/08/27,1.15939319326184e-06
2018/08/28,3.50275954148132e-05
2018/08/29,-1.18348503609382e-05
2018/08/30,-3.95479048222045e-05
2018/09/02,-0.000100970759856458
2018/09/03,4.62933264553494e-05
2018/09/04,-2.79361500501997e-05
2018/09/05,4.87407302490235e-06
2018/09/06,4.75670501475597e-05
2018/09/09,8.26594029436152e-05
2018/09/10,-2.25239892409928e-05
2018/09/11,-6.08679732279507e-05
2018/09/12,-2.64291149064734e-05
2018/09/13,1.23299575047121e-05
2018/09/16,-1.51035024447904e-05
2018/09/17,0.000117690030709801
2018/09/18,-1.29605944071684e-05
2018/09/19,-2.80888160953701e-06
2018/09/20,8.6303807491406e-05
2018/09/23,-5.10043966466244e-05
2018/09/24,-7.21706514259213e-05
2018/09/25,-1.68705024200441e-05
2018/09/26,-5.07503539272205e-05
2018/09/27,-8.12670004361598e-05
2018/09/30,-3.29865569756612e-05
2018/10/01,-9.29547890661944e-05
2018/10/02,7.43139220645616e-05
2018/10/03,-4.05897665500562e-05
2018/10/04,-3.32596515772015e-05
2018/10/07,-1.63793442643854e-05
2018/10/08,7.12024081210599e-06
2018/10/09,-4.53427670344727e-05
2018/10/10,-3.01840310812986e-05
2018/10/11,-2.1424326855409e-05
2018/10/14,5.12263103709434e-05
2018/10/15,-0.000165253039130784
2018/10/16,-6.19338689938855e-05
2018/10/17,0.000106121051858244
2018/10/18,2.18530002936207e-06
2018/10/21,-0.000160956546419325
2018/10/22,4.53956673886532e-05
2018/10/23,9.94820346569716e-05
2018/10/24,2.50220539213655e-06
2018/10/25,-9.98751296844834e-05
2018/10/28,-8.52989686944413e-05
2018/10/29,4.37429927919162e-05
2018/10/30,2.14590928332543e-05
2018/10/31,2.32439475001225e-05
2018/11/01,-9.04779330088848e-05
2018/11/04,-0.000233433542486621
2018/11/05,3.11266384270358e-05
2018/11/06,9.60666959845231e-05
2018/11/07,-0.000234665880488446
2018/11/08,-9.89757798624562e-05
2018/11/11,0.000303553648665326
2018/11/12,0.000327023451402915
2018/11/13,1.89347732275506e-05
2018/11/14,-0.000135694994034491
2018/11/15,-3.45272518176914e-05
2018/11/18,-0.000216523626380936
2018/11/19,0.000213114084486292
2018/11/20,-0.000127984538152331
2018/11/21,-0.000479585698267245
2018/11/22,0.00056295673684813
2018/11/25,-4.75030860095814e-06
2018/11/26,-0.000177420690201261
2018/11/27,8.05003212361833e-05
2018/11/28,-6.78536937648848e-05
2018/11/29,-0.0002038918875354
2018/12/02,0.000569032294472631
2018/12/03,-0.000160969360322641
2018/12/04,-0.000122480631484806
2018/12/05,0.000961275643737156
2018/12/06,0.0004136992002613
2018/12/09,-0.00026743972771882
2018/12/10,-0.000171633353599289
2018/12/11,-0.000116593582809336
2018/12/12,-0.000105663895823278
2018/12/13,-0.000238197653867268
2018/12/16,-0.000334160816895719
2018/12/17,0.00018540912301196
2018/12/18,0.000184618155064694
2018/12/19,0.000347076358305974
2018/12/20,1.64775875598766e-05
2018/12/23,-0.000144977703751781
2018/12/25,0.000314393451574666
2018/12/26,0.000367778439518157
2018/12/27,4.33190460591761e-05
2018/12/30,-8.6095563093684e-05
2019/01/01,0.000238832837036368
2019/01/02,0.000165987723763046
2019/01/03,0.000189039825207043
2019/01/06,-0.000175408504064831
2019/01/07,-0.000428309985666869
2019/01/08,7.4469937273832e-05
2019/01/09,-8.13030185288226e-05
2019/01/10,-0.000169080405405821
2019/01/13,-3.8788373060827e-05
2019/01/14,7.80516514370576e-05
2019/01/15,0.000192898990606628
2019/01/16,6.32892247449268e-05
2019/01/17,4.89070033089794e-05
2019/01/20,-8.35205436635807e-05
2019/01/21,4.49672635329072e-05
2019/01/22,0.000159206463666481
2019/01/23,3.65735339869915e-06
2019/01/24,-0.000111422210132013
2019/01/27,-0.00014030463397603
2019/01/28,-5.299469248954e-05
2019/01/29,-0.000171630185532068
2019/01/30,-0.000165357223192008
2019/01/31,-1.38815410121894e-06
2019/02/03,2.52415760164181e-05
2019/02/04,-3.0779920240223e-05
2019/02/05,2.73820222656415e-05
2019/02/06,0.000146793512396668
2019/02/07,-2.5600425489268e-05
2019/02/10,-1.17190989648668e-05
2019/02/11,4.89410222010708e-05
2019/02/12,4.7458796988335e-05
2019/02/13,2.14035741447041e-05
2019/02/14,2.10638397497485e-06
2019/02/17,-3.63784281253985e-05
2019/02/18,-1.623509554249e-05
2019/02/19,2.95626674930414e-05
2019/02/20,4.05536022089923e-05
2019/02/21,-6.36534016659014e-05
2019/02/24,2.15079874139765e-06
2019/02/25,6.78280650463152e-07
2019/02/26,-1.67797848895326e-05
2019/02/27,-8.80881095865771e-05
2019/02/28,4.61169726952438e-05
2019/03/03,-9.69073862378717e-05
2019/03/04,-0.000164317188543737
2019/03/05,-0.000188226954910413
2019/03/06,-0.000162320069398574
2019/03/07,0.000120373886080079
2019/03/10,2.27828226857753e-05
2019/03/11,-3.87755874727159e-05
2019/03/12,-0.000160215058954281
2019/03/13,-9.45357038634712e-05
2019/03/14,5.70756952880185e-05
2019/03/17,5.31015579892799e-05
2019/03/18,-0.000104308383697498
2019/03/19,-8.24835718879234e-05
2019/03/20,-4.22499854263786e-05
2019/03/21,2.04593941543127e-05
2019/03/24,-1.0993242233533e-05
2019/03/25,-5.77125831821956e-05
2019/03/26,0.000131589592572672
2019/03/27,6.39888031094596e-05
2019/03/28,-0.000149214730784202
2019/03/31,-4.99867977943374e-05
2019/04/01,4.80747330416405e-05
2019/04/02,-2.82914122973728e-05
2019/04/03,-0.000160801968015056
2019/04/04,-7.44580756613499e-05
2019/04/07,2.17503879176695e-05
2019/04/08,5.46232653255528e-06
2019/04/09,-0.000141046439831557
2019/04/10,1.86711973924844e-05
2019/04/11,8.81441160811504e-05
2019/04/14,9.29657748141287e-05
2019/04/15,7.00382159172304e-06
2019/04/16,-5.94247702700719e-05
2019/04/17,-3.28399019602861e-05
2019/04/21,7.40797299396867e-05
2019/04/22,-0.00010016595490602
2019/04/23,-0.000128976835980723
2019/04/24,-0.000130097686352861
2019/04/25,1.82940898758617e-05
2019/04/28,-0.000262495902996733
2019/04/29,-0.000126804204388681
2019/04/30,3.67551318270462e-05
2019/05/01,1.77613119957124e-05
2019/05/02,-0.000112202440894924
2019/05/05,0.000372945017602132
2019/05/06,7.03601126814549e-05
2019/05/07,-6.17915733216357e-05
2019/05/08,4.47468092566518e-05
2019/05/09,0.000159448264652441
2019/05/12,0.000209642612272012
2019/05/13,-2.12101194860068e-05
2019/05/14,-2.1766429051939e-05
2019/05/15,-7.61306584013434e-05
2019/05/16,-0.000137836634968612
2019/05/19,9.84127372242343e-05
2019/05/20,1.12603663572335e-05
2019/05/21,1.394657285743e-05
2019/05/22,0.00012801969533101
2019/05/23,9.50260023315365e-05
2019/05/26,2.31485219585155e-05
2019/05/27,-4.64687604122926e-05
2019/05/28,9.09805704197319e-05
2019/05/29,0.000100053040796932
2019/05/30,0.00047501720267321
2019/06/02,0.000607492737180263
2019/06/03,0.000156754428629786
2019/06/04,0.000374005319945534
2019/06/05,0.000227317503150211
2019/06/06,0.000394837991681748
2019/06/09,0.000315631971856956
2019/06/10,-3.9692073111256e-05
2019/06/11,-2.313583777456e-05
2019/06/12,0.000202410657926754
2019/06/13,-0.000255153566746526
2019/06/16,-0.000163901205537054
2019/06/17,0.000197638472242043
2019/06/18,8.19143271386178e-05
2019/06/19,-0.000487248050511702
2019/06/20,-0.000938056284777126
2019/06/23,-0.000503230201868929
2019/06/24,0.000284677231177596
2019/06/25,0.000206413427020994
2019/06/26,-0.000193975116509555
2019/06/27,-0.000154081127861516
2019/06/30,0.000502830131679653
2019/07/01,0.000228132956170773
2019/07/02,0.000258848181791472
2019/07/03,0.000106624725872566
2019/07/04,0.000100019779406765
2019/07/07,-0.000210308538521317
2019/07/08,-0.000360967386711218
2019/07/09,-0.000197832275347062
2019/07/10,0.000141662076427826
2019/07/11,9.28600385445452e-05
2019/07/14,-0.000104890068103582
2019/07/15,0.000196427625364675
2019/07/16,0.000637267356697708
2019/07/17,0.00082733924704078
2019/07/18,0.000330037183058607
2019/07/21,0.000321704218634433
2019/07/22,0.000342762834550036
2019/07/23,-4.59666669873751e-05
2019/07/24,-0.000722359958278555
2019/07/25,-0.000124175679137793
2019/07/28,0.000398319645919101
2019/07/29,0.000121486634123179
2019/07/30,8.30411233322548e-05
2019/07/31,0.00108986181117145
2019/08/01,4.94295747312508e-05
2019/08/04,0.000204715911652954
2019/08/05,0.000308394568510324
2019/08/06,0.000551223213293768
2019/08/07,-0.000711216739073485
2019/08/08,-0.000240807144824327
2019/08/11,-0.000296629491465369
2019/08/12,-0.000614309903109745
2019/08/13,-0.000921135961333202
2019/08/14,-0.000339450818371817
2019/08/15,-0.000737883114932411
2019/08/18,-0.000662463956285131
2019/08/19,0.000695621703742424
2019/08/20,0.00117379499013538
2019/08/21,4.08203763970286e-05
2019/08/22,-0.00026295507295306
2019/08/25,-6.89600343966719e-05
2019/08/26,4.90228563964197e-05
2019/08/27,-0.000186173439622625
2019/08/28,-0.000760730508642547
2019/08/29,-0.00074135744374847
2019/09/01,-8.67052129846215e-05
2019/09/02,0.000665300055639182
2019/09/03,-0.000861721092684152
2019/09/04,-0.00211925300884016
2019/09/05,-0.0014822922564314
2019/09/08,-0.000898038655902113
2019/09/09,-0.000893411844194017
2019/09/10,8.66179174771674e-06
2019/09/11,0.000400539135194889
2019/09/12,-0.00291022010266676
2019/09/15,0.0101997603165014
2019/09/16,-0.00143390575639526
2019/09/17,0.000715762285907663
2019/09/18,0.000477304854909306
2019/09/19,-0.00100546539640596
2019/09/22,-0.000877099341506453
2019/09/23,-0.00125365283225654
2019/09/24,-0.00160933664609745
2019/09/25,-0.000434816847130474
2019/09/26,0.00110558911707444
2019/09/29,0.000416235760535617
2019/09/30,-1.84814838281045e-05
2019/10/01,2.70427801975234e-05
2019/10/02,-0.000267195514419391
2019/10/03,-0.000695230917032436
2019/10/06,-0.00107289609441956
2019/10/07,-0.00110386372740715
2019/10/08,0.000118429186954386
2019/10/09,0.00192168034437606
2019/10/10,0.000709133377658744
2019/10/13,-0.00159715736978739
2019/10/14,-0.00149845630364688
2019/10/15,-0.000455995530897957
2019/10/16,-0.000333930692044828
2019/10/17,0.000256085536658823
2019/10/20,0.000886340886184747
2019/10/21,-0.000758166046675474
2019/10/22,-0.00188736575652267
2019/10/23,-3.24414523838971e-06
2019/10/24,0.00119690023811453
2019/10/27,-0.000225244793890748
2019/10/28,-0.000324206359866333
2019/10/29,0.00109016895113339
2019/10/30,0.00040731980004823
2019/10/31,-0.000557540517452785
2019/11/03,0.000786651287914711
2019/11/04,0.00135839887841272
2019/11/05,-0.000141216270553734
2019/11/06,-0.000862669777482244
2019/11/07,0.000186452253825259
2019/11/10,0.000102004688126524
2019/11/11,-0.000524863619039987
2019/11/12,-0.000118275225185558
2019/11/13,0.000612727771953267
2019/11/14,0.000604823391772762
2019/11/17,0.000108317739265809
2019/11/18,-0.000560026785036014
2019/11/19,-0.000319950992041452
2019/11/20,0.000685704498017548
2019/11/21,0.000571570064018759
2019/11/24,-0.000498743837241386
2019/11/25,-0.000207026948194608
2019/11/26,0.000640000390865385
2019/11/27,-0.000452653966050998
2019/11/28,-0.00104102577767862
2019/12/01,0.000160995732417341
2019/12/02,0.000833717267713442
2019/12/03,0.00022136814854399
2019/12/04,0.00073854212824533
2019/12/05,0.00197541390160493
2019/12/08,0.000861489676307264
2019/12/09,-0.000219945686435545
2019/12/10,0.000314372906025792
2019/12/11,0.0010858136697851
2019/12/12,0.00107553307100158
2019/12/15,0.000812788787170974
2019/12/16,0.00106861178793342
2019/12/17,0.00105292792845847
2019/12/18,0.000773441994131419
2019/12/19,0.000670434521089394
2019/12/22,0.000323708738325322
2019/12/23,0.000234683294286009
2019/12/25,0.000384878392255582
2019/12/26,0.000471800455435968
2019/12/29,0.000935460005799825
2019/12/30,0.00133883128620278
2020/01/01,0.00133697054372677
2020/01/02,0.0017116953198225
2020/01/05,0.000930288066256726
2020/01/06,-0.000328209970845315
2020/01/07,0.000651872725309498
2020/01/08,0.000855367030036439
2020/01/09,0.00178003252526005
2020/01/12,0.00187055211586909
2020/01/13,0.000166447199883847
2020/01/14,-0.00336576381056959
2020/01/15,-0.00465209974522781
2020/01/16,-0.000675390113044597
2020/01/19,0.00311069360712336
2020/01/20,0.00128436054408157
2020/01/21,-0.00134703990897586
2020/01/22,-0.00180427733275878
2020/01/23,-0.00405028306548476
2020/01/26,-0.00510551925713625
2020/01/27,-0.00210350842108364
2020/01/28,0.000711350757376965
2020/01/29,-0.0030793930345762
2020/01/30,-0.00541128350030408
2020/02/02,-0.000936272194222391
2020/02/03,0.00175291577408949
2020/02/04,-3.49959267937405e-05
2020/02/05,-0.000580532443601928
2020/02/06,0.00119293094743712
2020/02/09,0.0018736245023233
2020/02/10,0.000803537907542377
2020/02/11,-0.000724136022914352
2020/02/12,-0.00167090000224967
2020/02/13,-0.0006271821473052
2020/02/16,-0.00048351668009632
2020/02/17,-0.00278927832968032
2020/02/18,-0.00175697165262257
2020/02/19,0.00290159352729843
2020/02/20,0.00237817869278296
2020/02/23,0.000667803238197559
2020/02/24,0.00532194272551767
2020/02/25,0.00727805057200788
2020/02/26,-0.00120128678106322
2020/02/27,-0.00538085574089971
2020/03/01,0.00124405681142448
2020/03/02,4.4471493805525e-06
2020/03/03,-0.00562162915339857
2020/03/04,-0.00192516270163042
2020/03/05,0.00386187835747576
2020/03/08,0.000651010392836983
2020/03/09,0.000920852607423137
2020/03/10,0.00164498727557279
2020/03/11,-0.0023364012332146
2020/03/12,-0.0040132788480106
2020/03/15,0.00266608673283
2020/03/16,0.000606594884312654
2020/03/17,-0.00588170284443847
2020/03/18,-0.00324135599381515
2020/03/19,-0.00183005115404331
2020/03/22,0.00386024993370337
2020/03/23,-0.00891783569686698
2020/03/24,-0.00129349687673383
2020/03/25,0.000533715226701528
2020/03/26,-0.00477667384559711
2020/03/29,0.000562374802884907
2020/03/30,-0.0022841111167386
2020/03/31,-0.00401134687198686
2020/04/01,0.0096148412786238
2020/04/02,-0.00630968315074696
2020/04/05,0.00407454281988218
2020/04/06,0.00490996104319982
2020/04/07,0.00668864569704684
2020/04/08,-0.00779082824577464
2020/04/12,0.0233864421253793
2020/04/13,-0.0189705890073373
2020/04/14,-0.00287037110765946
2020/04/15,-0.00584614665863033
2020/04/16,-0.00657769624439153
2020/04/19,-0.00814551748369953
2020/04/20,0.00696846906860904
2020/04/21,0.0392190238895875
2020/04/22,-0.00024247948582622
2020/04/23,0.00683366822637115
2020/04/26,0.00339497539174263
2020/04/27,0.0212967147203508
2020/04/28,-0.00633610703761227
2020/04/29,-0.00148107140207787
2020/04/30,-0.00530060593911725
2020/05/03,0.000348322742508062
2020/05/04,0.00205411826735281
2020/05/05,0.00244372196816262
2020/05/06,-0.00533612602549438
2020/05/07,-0.00338755448792565
2020/05/10,4.31782071975903e-05
2020/05/11,-0.00300313673314655
2020/05/12,-0.00431082484127913
2020/05/13,-0.00649152562794473
2020/05/14,0.000852550983863751
2020/05/17,0.0099446685060413
2020/05/18,0.00470749406070405
2020/05/19,-0.00417997786929888
2020/05/20,-0.00162088249365116
2020/05/21,0.00241441542663213
2020/05/24,-0.00604752742500678
2020/05/25,-0.00709429052712552
2020/05/26,-0.0030343733491905
2020/05/27,-0.005494466244684
2020/05/28,-0.00754500466604371
2020/05/31,-0.00168676917094709
2020/06/01,-0.00112849831429848
2020/06/02,-0.00317530263580901
2020/06/03,-0.000959144309591526
2020/06/04,0.00445341345944114
2020/06/07,0.00124019595738476
2020/06/08,-0.0016765803835106
2020/06/09,0.00268467608873783
2020/06/10,0.00237332070336865
2020/06/11,-0.00312286712358302
2020/06/14,-0.00166510269267871
2020/06/15,0.00327706620911413
2020/06/16,-0.000732257235952844
2020/06/17,-0.00331547535850446
2020/06/18,0.00294140029557302
2020/06/21,0.00558362836136639
2020/06/22,0.00211516826845423
2020/06/23,-0.000194240896446026
2020/06/24,0.00111154041947707
2020/06/25,0.00151501197398308
2020/06/28,0.000243371176471552
2020/06/29,-0.00173123104866587
2020/06/30,-0.000569036672782334
2020/07/01,0.00179985535676534
2020/07/02,0.00182194096197793
2020/07/05,-0.000817119487140958
2020/07/06,-0.00132741522136845
2020/07/07,0.000432974974895157
2020/07/08,0.000116182513934318
2020/07/09,-0.000390871048296316
2020/07/12,0.00237129143373198
2020/07/13,0.00213803996324788
2020/07/14,-0.00420483817142439
2020/07/15,-0.00767115125876332
2020/07/16,-0.00367280532562452
2020/07/19,-0.000406890720645469
2020/07/20,-0.000838621079655888
2020/07/21,-0.00182210711178317
2020/07/22,-0.0020747313755025
2020/07/23,-0.00286850748062737
2020/07/26,-0.00212888579356065
2020/07/27,-6.92069036074936e-05
2020/07/28,0.000771347165153751
2020/07/29,0.000440643041808279
2020/07/30,-0.000584104736172352
2020/08/02,-0.000151837950196158
2020/08/03,0.000675007415220183
2020/08/04,0.00139415033454365
2020/08/05,0.00144324727013352
2020/08/06,0.00138462813688531
2020/08/09,0.00106143512455535
2020/08/10,0.000975553738735734
2020/08/11,0.00106479629322737
2020/08/12,0.00133914764019496
2020/08/13,0.00139017078197919
2020/08/16,0.00127390193471188
2020/08/17,0.00150550861139456
2020/08/18,0.00114422442474108
2020/08/19,0.000822382925934612
2020/08/20,0.00120700022519796
2020/08/23,0.00177682979419688
2020/08/24,0.00166671660233312
2020/08/25,0.00131998714110898
2020/08/26,0.00125878398021362
2020/08/27,0.000256644328381511
2020/08/30,-2.41838588553464e-05
2020/08/31,0.000944995176288864
2020/09/01,0.00134477742870501
2020/09/02,0.000507374121256009
2020/09/03,0.0007797057178208
2020/09/06,0.00140398007953644
2020/09/07,0.000915076146645763
2020/09/08,-0.000257106579488843
2020/09/09,-9.10369014856521e-05
2020/09/10,0.000154760526702608
2020/09/13,-0.00100255376621947
2020/09/14,-0.00144722109668036
2020/09/15,-0.000805894813468722
2020/09/16,-0.000708895002504116
2020/09/17,-0.00117573199247153
2020/09/20,-0.000322252453747432
2020/09/21,7.43476401778422e-05
2020/09/22,0.000298074917771674
2020/09/23,-0.000360221853483381
2020/09/24,-0.00115202353239441
2020/09/27,-0.000858374956973462
2020/09/28,0.000119930801335383
2020/09/29,-0.000412557107046278
2020/09/30,-0.0010304745447509
2020/10/01,0.000295156993830463
2020/10/04,0.000432880155852209
2020/10/05,-0.000713975042661651
2020/10/06,-0.00115260974109449
2020/10/07,0.000405149960874668
2020/10/08,0.00150618357187774
2020/10/11,0.000782610259741931
2020/10/12,-0.00011041116050965
2020/10/13,-7.59934653634126e-05
2020/10/14,-0.000550468614358605
2020/10/15,-0.000740448829634726
2020/10/18,0.000887021828036801
2020/10/19,0.00162739048081394
2020/10/20,0.000299245957585115
2020/10/21,-0.00102662611976776
2020/10/22,-0.000912183379021448
2020/10/25,-8.55632463396629e-05
2020/10/26,0.00053571489862403
2020/10/27,0.00092951289459778
2020/10/28,0.000432241042050735
2020/10/29,-0.000847647350601474
2020/11/01,0.000243573974214658
2020/11/02,-0.000523828556608594
2020/11/03,0.000101628708596318
2020/11/04,-0.000632735524323169
2020/11/05,-0.000683781951977531
2020/11/08,0.000105429543641311
2020/11/09,-0.000725342025390097
2020/11/10,-0.000138484503159903
2020/11/11,4.36698797887882e-05
2020/11/12,-0.000402443226939254
2020/11/15,-0.000220809302338341
2020/11/16,-0.000208016761374437
2020/11/17,-0.000198347529544543
2020/11/18,8.7976045561706e-05
2020/11/19,4.13196740641168e-05
2020/11/22,-0.000403372669641281
2020/11/23,-0.000374121504503035
2020/11/24,0.000207346836693589
2020/11/25,3.48620388400931e-05
2020/11/26,-0.000231377476324889
2020/11/29,-2.50540068515092e-05
2020/11/30,-0.000189756699178711
2020/12/01,-0.000429927679496059
2020/12/02,-0.00047432598898543
2020/12/03,-0.000419332358965224
2020/12/06,-0.000466035966111749
2020/12/07,-0.000416877612557848
2020/12/08,-0.000288216236723527
2020/12/09,-0.000462474932754269
2020/12/10,-0.000333342118993642
2020/12/13,-8.59304365053219e-05
2020/12/14,-0.000207400176755911
2020/12/15,-0.000176479706031801
2020/12/16,-0.000130402062212562
2020/12/17,-8.91360646332529e-05
2020/12/20,0.000379661345047005
2020/12/21,2.78041039614298e-06
2020/12/22,9.71289003144791e-05
2020/12/23,-2.58005613530742e-05
2020/12/27,0.000140563628270002
2020/12/28,-7.13624465595842e-05
2020/12/29,-3.419998679324e-05
2020/12/30,-9.49305000997362e-05
2021/01/03,0.000721167712644132
2021/01/04,0.000126169993476717
2021/01/05,0.000239412376397967
2021/01/06,5.89761952177661e-05
2021/01/07,8.75993273985125e-05
2021/01/10,0.000125396620121401
2021/01/11,0.000236329758689295
2021/01/12,0.000357547088244426
2021/01/13,9.27235655852178e-05
2021/01/14,9.16920888934604e-05
2021/01/17,0.00015665596152386
2021/01/18,0.000347319794876147
2021/01/19,0.00034441188876348
2021/01/20,0.000277169750781372
2021/01/21,0.000274409760189383
2021/01/24,-0.000105904867794323
2021/01/25,-0.000173493048652342
2021/01/26,0.000244422799852263
2021/01/27,0.000281611838011576
2021/01/28,0.000208146172519081
2021/01/31,0.000212254068682979
2021/02/01,0.000110229016645683
2021/02/02,-0.000161891582841268
2021/02/03,-9.39485968431336e-05
2021/02/04,7.75514287960607e-05
2021/02/07,-7.05058196124253e-05
2021/02/08,-0.000161311065789822
2021/02/09,-0.00016610982140679
2021/02/10,-5.63622809268214e-05
2021/02/11,-1.53613726621663e-05
2021/02/14,-8.60676869425144e-05
2021/02/15,-0.000267572336542984
2021/02/16,-4.67225736280123e-05
2021/02/17,4.15218208109681e-05
2021/02/18,0.000286342705027697
2021/02/21,-1.74138168566242e-05
2021/02/22,0.000125784519930144
2021/02/23,-0.000165826273130481
2021/02/24,-0.00037265390825392
2021/02/25,-0.000154384094097575
2021/02/28,7.56222633606585e-06
2021/03/01,0.000196975023210625
2021/03/02,-0.000119198513223633
2021/03/03,0.000286057711509487
2021/03/04,0.000177529785209705
2021/03/07,0.00056284381379874
2021/03/08,9.52903102091825e-05
2021/03/09,0.000407845632188444
2021/03/10,0.000129604827999047
2021/03/11,-3.92664118168565e-05
2021/03/14,1.11760638806234e-05
2021/03/15,2.88823084261512e-05
2021/03/16,-6.39306671020769e-05
2021/03/17,0.000383792643022756
2021/03/18,0.000557523530284494
2021/03/21,-2.32524787738664e-05
2021/03/22,0.000542887559682376
2021/03/23,3.48243705136652e-05
2021/03/24,0.000129730748064924
2021/03/25,-0.000295215371888489
2021/03/28,5.71584053588331e-05
2021/03/29,-8.63126833245601e-05
2021/03/30,-0.0001952694135919
2021/03/31,0.000347042584089411
2021/04/04,-0.000113501428410105
2021/04/05,4.40229235432314e-05
2021/04/06,9.41945729688115e-05
2021/04/07,-7.788517560634e-05
2021/04/08,-0.000273477615713394
2021/04/11,-0.000167592062158551
2021/04/12,-0.000394890969181059
2021/04/13,-7.80590176066083e-05
2021/04/14,-5.44137442663836e-05
2021/04/15,-8.76530928112918e-05
2021/04/18,-9.99733992850002e-05
2021/04/19,8.09539901150486e-05
2021/04/20,-1.19689182379436e-07
2021/04/21,-7.77670757778186e-05
2021/04/22,-8.56457860381958e-05
2021/04/25,-5.66660961961804e-05
2021/04/26,-0.000162452308570733
2021/04/27,-9.95936596215335e-05
2021/04/28,-0.000104572613605768
2021/04/29,-0.000162960029744061
2021/05/02,-0.000147701051369573
2021/05/03,-5.136145972202e-05
2021/05/04,-4.93047857210241e-06
2021/05/05,6.28246771116448e-06
2021/05/06,-3.10704496424188e-06
2021/05/09,-4.36530721154532e-05
2021/05/10,-7.04059129334313e-05
2021/05/11,-0.000152774936034453
2021/05/12,9.55476403843492e-05
2021/05/13,-7.34814192193115e-05
2021/05/16,-0.000151996315541788
2021/05/17,0.000212071471657503
2021/05/18,0.000110626997886664
2021/05/19,0.000162716232849225
2021/05/20,0.000116952775369784
2021/05/23,5.33655670787905e-05
2021/05/24,5.17578780246643e-05
2021/05/25,-0.000117460426238647
2021/05/26,-0.000175794623130908
2021/05/27,-9.49812765745837e-05
2021/05/30,-0.000102538016540548
2021/05/31,0.000109285409054725
2021/06/01,4.63485689423241e-06
2021/06/02,5.12924295871821e-05
2021/06/03,-3.27421744647994e-05
2021/06/06,1.38989261555214e-05
2021/06/07,7.36594412885177e-05
2021/06/08,-2.83588121801506e-05
2021/06/09,0.000257589327114417
2021/06/10,-7.14290272270937e-05
2021/06/13,-2.47345001333122e-05
2021/06/14,-8.21995078609242e-05
2021/06/15,-0.00013615762628206
2021/06/16,-7.98850980440269e-06
2021/06/17,-7.77613970606972e-05
2021/06/20,-3.09136737678169e-05
2021/06/21,-2.31995117331101e-05
2021/06/22,5.03446892846238e-05
2021/06/23,2.90964691628363e-05
2021/06/24,-8.8269020840371e-05
2021/06/27,-0.000154530789634079
2021/06/28,-8.6079332844561e-05
2021/06/29,-2.83588923306268e-05
2021/06/30,0.0001050783476739
2021/07/01,-5.4203969170108e-05
2021/07/04,-0.000119946781442165
2021/07/05,0.000108476760754799
2021/07/06,0.00031931285735463
2021/07/07,-1.48014060189102e-06
2021/07/08,-0.000189963146733802
2021/07/11,-4.15465481048276e-05
2021/07/12,-0.000153199052257986
2021/07/13,0.00014079873279955
2021/07/14,6.58106147484797e-07
2021/07/15,-9.56428258222139e-05
2021/07/18,0.000212661714162469
2021/07/19,0.000380465231353749
2021/07/20,6.87511727781878e-05
2021/07/21,9.17775509026808e-05
2021/07/22,-0.000192436424636214
2021/07/25,9.76416667058362e-05
2021/07/26,1.02131416553949e-05
2021/07/27,-3.11735095885586e-05
2021/07/28,-0.000117404494139482
2021/07/29,-4.66916717742819e-05
2021/08/01,0.000162973360251919
2021/08/02,0.000254987002028054
2021/08/03,0.000202981358100335
2021/08/04,0.000130740044043886
2021/08/05,0.000110646838127665
2021/08/08,0.000326210360877732
2021/08/09,-0.00016377321645951
2021/08/10,0.000142120455357184
2021/08/11,-0.000153742269997881
2021/08/12,-5.94527208646422e-05
2021/08/15,0.000188987400212723
2021/08/16,-8.23975877521022e-05
2021/08/17,-9.4667160594041e-05
2021/08/18,0.000160973161068806
2021/08/19,-6.74522664415453e-05
2021/08/22,1.04195530670799e-05
2021/08/23,-0.000176337035492613
2021/08/24,-0.000226325173043012
2021/08/25,-9.54578615712687e-05
2021/08/26,-5.05565991151821e-05
2021/08/29,0.000141008344775662
2021/08/30,-0.000111559576140959
2021/08/31,2.70286556559565e-05
2021/09/01,-0.000180879015719221
2021/09/02,-0.000138530494921546
2021/09/05,-9.22862709124109e-05
2021/09/06,7.31689865939115e-05
2021/09/07,-0.000389578478332907
2021/09/08,-4.66187009879324e-05
2021/09/09,-0.000106838590447702
2021/09/12,7.05318917127162e-05
2021/09/13,-5.60840583723559e-05
2021/09/14,6.66400299256684e-05
2021/09/15,0.000203162037749281
2021/09/16,7.22012949177725e-05
2021/09/19,0.000106196193219156
2021/09/20,5.32074608082479e-05
2021/09/21,-4.74637806014577e-05
2021/09/22,-0.000119646855657069
2021/09/23,-0.000173361593038855
2021/09/26,-0.000123607188270226
2021/09/27,7.59698220561056e-05
2021/09/28,-4.80407846874589e-05
2021/09/29,0.000264005073061737
2021/09/30,-7.63839794928847e-05
2021/10/03,0.000248194370140997
2021/10/04,3.34500261569819e-05
2021/10/05,-7.37215066738567e-05
2021/10/06,-3.71212591584941e-05
2021/10/07,-0.000110791054303325
2021/10/10,-0.000123963240268189
2021/10/11,-0.000172794110657704
2021/10/12,-0.000140382953795026
2021/10/13,1.4481069407598e-05
2021/10/14,-0.000155633784125965
2021/10/17,8.95852540066481e-06
2021/10/18,8.02961790004528e-05
2021/10/19,8.9674571954066e-05
2021/10/20,3.29411218990462e-05
2021/10/21,0.00015261639747994
2021/10/24,0.000113264663734443
2021/10/25,-0.00020246711188615
2021/10/26,-0.000195635772117767
2021/10/27,-0.000148915520520002
2021/10/28,-0.000260299919515778
2021/10/31,-0.000182989658817993
2021/11/01,0.000153568982239068
2021/11/02,0.000205688847898451
2021/11/03,0.000385667251281354
2021/11/04,0.000297827392990359
2021/11/07,0.000378907983779968
2021/11/08,0.000255858077772638
2021/11/09,0.000163700784214173
2021/11/10,7.64408770062742e-05
2021/11/11,-7.99560029574526e-05
2021/11/14,0.000248096852913226
2021/11/15,0.000211926091695558
2021/11/16,0.000222132768875125
2021/11/17,-2.73367556870544e-05
2021/11/18,0.00023030959180732
2021/11/21,-0.000147764179593123
2021/11/22,-0.000164071581579043
2021/11/23,-1.07252051341839e-05
2021/11/24,-0.000266451478208464
2021/11/25,0.000503815199275429
2021/11/28,0.00119616805993912
2021/11/29,0.000571446388908421
2021/11/30,-0.00016213439532475
2021/12/01,0.00124863675229236
2021/12/02,-0.000414161716144925
2021/12/05,4.8438506350199e-05
2021/12/06,-0.000538702777314111
2021/12/07,-0.000817936814325373
2021/12/08,-0.00120150206304231
2021/12/09,-0.000550611069533759
2021/12/12,-0.000200011791026441
2021/12/13,-0.000235487171484378
2021/12/14,-0.000226406896110096
2021/12/15,-4.79103950769026e-05
2021/12/16,-9.19452164164779e-05
2021/12/19,0.000276497696120197
2021/12/20,-5.11192079532681e-05
2021/12/21,0.000232386194136525
2021/12/22,0.000290968988074547
2021/12/26,0.000250729276573614
2021/12/27,0.000116440283478824
2021/12/28,0.000210000198641283
2021/12/29,-0.000204993892935147
2021/12/30,-0.000462820618021039
2022/01/02,-0.000306412903051528
2022/01/03,3.47522963026843e-05
2022/01/04,2.31721548438233e-05
2022/01/05,4.66150531644283e-05
2022/01/06,-3.77513473934989e-05
2022/01/09,0.000333903434225541
2022/01/10,0.000330215399563539
2022/01/11,8.9654752675503e-06
2022/01/12,-5.77173648583172e-05
2022/01/13,0.000186548848858757
2022/01/16,4.31934992988308e-05
2022/01/17,0.000169854628538038
2022/01/18,0.000344239645255405
2022/01/19,0.000222839151059195
2022/01/20,0.000243434153335214
2022/01/23,0.000224858904838501
2022/01/24,8.87332455993523e-05
2022/01/25,-0.000282740951656863
2022/01/26,-0.000344690627139053
2022/01/27,-0.000303135171488487
2022/01/30,-0.000517768268851927
2022/01/31,-0.000768682051396485
2022/02/01,-0.000849785957444332
2022/02/02,-0.000915754988796121
2022/02/03,-0.00103997099905953
2022/02/06,-0.000754976918760204
2022/02/07,9.68254114441939e-05
2022/02/08,0.000436407268877335
2022/02/09,0.000263892982574477
2022/02/10,0.000291175576410769
2022/02/13,0.000384586960694915
2022/02/14,0.000393614414555786
2022/02/15,-0.000127915588821577
2022/02/16,-0.000275018964176022
2022/02/17,-0.000677163719747789
2022/02/20,-0.000295929820976209
2022/02/21,0.00013471021393187
2022/02/22,-0.000856988098286409
2022/02/23,-0.000311660076341164
2022/02/24,-0.00192940630326108
2022/02/27,0.00115038756613663
2022/02/28,-0.00157707345377444
2022/03/01,0.000642877839455291
2022/03/02,0.00128162095141983
2022/03/03,-0.00190871983301676
2022/03/06,0.00787666678027924
2022/03/07,-0.000642492395668072
2022/03/08,0.00287076327834266
2022/03/09,0.00130318093169164
2022/03/10,-0.000296529291754174
2022/03/13,9.21614214967714e-05
2022/03/14,-0.000197856833454561
2022/03/15,-0.000982593920413214
2022/03/16,-0.00103107534167127
2022/03/17,5.84428707172378e-05
2022/03/20,-0.000155445677920975
2022/03/21,3.51588320739204e-05
2022/03/22,-0.000639512685377819
2022/03/23,0.00026440061163338
2022/03/24,0.00025904323058078
2022/03/27,4.43974026522556e-05
2022/03/28,0.00151694241128044
2022/03/29,-0.000426429534331199
2022/03/30,0.00138877716362872
2022/03/31,0.000397235814631563
2022/04/03,-8.43830367207434e-05
2022/04/04,-0.000276887136855255
2022/04/05,-0.000873595466075605
2022/04/06,-0.00116538487826589
2022/04/07,-0.00126150579195404
2022/04/10,-0.000564755199727144
2022/04/11,-0.000731937220549104
2022/04/12,-0.000687535529405363
2022/04/13,-0.000568430038159424
2022/04/17,-0.000191306813779841
2022/04/18,-0.000236844563992318
2022/04/19,-3.20933368648892e-06
2022/04/20,0.000360031403224693
2022/04/21,0.000249367383055853
2022/04/24,0.000636512593363608
2022/04/25,0.000507773244038635
2022/04/26,4.91412565047202e-05
2022/04/27,-0.000183705182053067
2022/04/28,-0.000500886495419491
2022/05/01,0.000273958323405988
2022/05/02,-8.16895442919911e-05
2022/05/03,-0.00033998526341727
2022/05/04,0.000435999890286828
2022/05/05,0.000390429295945592
2022/05/08,0.000493626479370248
2022/05/09,0.000461943133575498
2022/05/10,2.68029044335131e-05
2022/05/11,0.000266825481553014
2022/05/12,-0.000234794161967031
2022/05/15,7.09462533095278e-05
2022/05/16,6.95691840972123e-05
2022/05/17,0.00025402909355855
2022/05/18,0.00057920441162456
2022/05/19,0.000160999962968587
2022/05/22,0.000225229022452252
2022/05/23,0.000190890059270839
2022/05/24,-0.000326656802637646
2022/05/25,-0.000458363152900589
2022/05/26,-0.000235679373921445
2022/05/29,-0.000264222226976911
2022/05/30,0.000101125179513726
2022/05/31,-0.000654501794179636
2022/06/01,-0.000346711990834372
2022/06/02,-0.000816675348794729
2022/06/05,-0.000543518298959265
2022/06/06,-0.000399881336046569
2022/06/07,-0.0004169159798937
2022/06/08,-0.000458703900256904
2022/06/09,-0.000537512337609293
2022/06/12,4.45965074172211e-05
2022/06/13,-0.000219162516575681
2022/06/14,0.000163606527704146
2022/06/15,0.000117246883027775
2022/06/16,0.00030539082847746
2022/06/19,-3.8068406272329e-05
2022/06/20,-0.000177308963479337
2022/06/21,0.000511294192127347
2022/06/22,0.000231612149847359
2022/06/23,-4.28585033394644e-05
2022/06/26,0.000118110350426207
2022/06/27,-0.000186263271843242
2022/06/28,-0.00024191145564134
2022/06/29,1.0602592548829e-05
2022/06/30,8.98035494207786e-05
2022/07/03,-0.00049905631203073
2022/07/04,0.000356263269543044
2022/07/05,0.000853161707734129
2022/07/06,0.000220958364204733
2022/07/07,0.000393377476670856
2022/07/10,0.000484189401758443
2022/07/11,0.000356104094110061
2022/07/12,0.000569074741542306
2022/07/13,0.000815771018819988
2022/07/14,-0.000190256467021554
2022/07/17,0.000261040336858723
2022/07/18,0.000358981341850822
2022/07/19,-0.000128765111669337
2022/07/20,0.000111479712555063
2022/07/21,-0.000137163696782247
2022/07/24,-0.000260654853521275
2022/07/25,-0.000287209580448031
2022/07/26,0.000106475484417733
2022/07/27,-5.19946218314127e-05
2022/07/28,-0.000429859779789698
2022/07/31,0.000448293011521437
2022/08/01,0.000226168683202017
2022/08/02,6.65682705786756e-05
2022/08/03,4.74295587045478e-05
2022/08/04,-0.000158578205983894
2022/08/07,-2.93329569879314e-05
2022/08/08,-8.90499000150853e-05
2022/08/09,5.06199616344323e-05
2022/08/10,-0.00044097650372254
2022/08/11,-0.000272609019939192
2022/08/14,-0.000185588480778261
2022/08/15,-5.76563307982398e-05
2022/08/16,-1.08477607385247e-06
2022/08/17,-7.97961331459358e-05
2022/08/18,-0.000125926163687789
2022/08/21,0.000428780952166918
2022/08/22,-0.000404401690523161
2022/08/23,0.000167128988598054
2022/08/24,-0.00014287787127866
2022/08/25,-4.55106302523027e-05
2022/08/28,8.28549715531336e-06
2022/08/29,0.000229640542008814
2022/08/30,0.000244188026990919
2022/08/31,-2.67070765715112e-05
2022/09/01,9.66755734997557e-05
2022/09/04,-0.000174805503709502
2022/09/05,0.000219894230663769
2022/09/06,0.000205177987625808
2022/09/07,5.67279920443201e-05
2022/09/08,-0.00017033368796503
2022/09/11,-0.000234564123214142
2022/09/12,0.000462001542609307
2022/09/13,-3.52405934315476e-05
2022/09/14,-6.96192801895399e-05
2022/09/15,-0.000168085344634278
2022/09/18,-0.000340839984838065
2022/09/19,2.0790101096322e-07
2022/09/20,0.000227441042806581
2022/09/21,-1.90568857398553e-05
2022/09/22,-0.000216180847502902
2022/09/25,0.000394124168862931
2022/09/26,0.000329707616896705
2022/09/27,9.75493152698041e-05
2022/09/28,-1.35508635798089e-05
2022/09/29,-2.47065085777225e-05
2022/10/02,0.000263788552064376
2022/10/03,-0.000268549817652984
2022/10/04,0.000166003496523348
2022/10/05,-0.000423476079784093
2022/10/06,-0.000322547365288652
2022/10/09,-0.000121271269644018
2022/10/10,-3.44390150991052e-05
2022/10/11,-0.00019440075582724
2022/10/12,-9.22450689494334e-05
2022/10/13,4.2016785599901e-05
2022/10/16,-2.29603684434015e-05
2022/10/17,2.83835728183761e-05
2022/10/18,-7.78595049170257e-05
2022/10/19,-0.000119593912982815
2022/10/20,-5.15415903226123e-05
2022/10/23,3.46374227748055e-05
2022/10/24,-0.000164365728828557
2022/10/25,1.11417832161523e-05
2022/10/26,-9.27434051788284e-05
2022/10/27,-0.000210748382750118
2022/10/30,5.25726061218876e-05
2022/10/31,-9.53080394367655e-05
2022/11/01,-1.03039979062208e-05
2022/11/02,-0.00026998876397294
2022/11/03,-0.000240128028463108
2022/11/06,0.00023774425279298
2022/11/07,-4.56879164586891e-05
2022/11/08,-4.338297167018e-05
2022/11/09,5.62021741368149e-05
2022/11/10,-5.12042495580146e-05
2022/11/13,1.04802082801826e-05
2022/11/14,0.000325630558295858
2022/11/15,9.00897119956418e-05
2022/11/16,5.921395080007e-06
2022/11/17,-0.000137144921559274
2022/11/20,0.000971232376004361
2022/11/21,-0.000380038505058767
2022/11/22,0.000444276723059455
2022/11/23,-0.000141096876732613
2022/11/24,-0.000169715618724141
2022/11/27,0.000245753801654496
2022/11/28,0.000197347725934279
2022/11/29,-0.00026139630724644
2022/11/30,-0.000117552017728732
2022/12/01,6.43461823802865e-05
2022/12/04,0.000231448961231963
2022/12/05,8.83569136207987e-05
2022/12/06,0.000185569025263197
2022/12/07,0.000180165898254182
2022/12/08,0.000180442378230832
2022/12/11,0.000124136071592108
2022/12/12,0.000142913611119801
2022/12/13,-0.000149849366232384
2022/12/14,-2.73347511838657e-05
2022/12/15,2.38127767370237e-05
2022/12/18,-0.000151636186366846
2022/12/19,-2.7920720457215e-05
2022/12/20,-0.000271213350843061
2022/12/21,-0.000108626196439643
2022/12/22,-0.000215508779891219
2022/12/26,-0.000170209405591368
2022/12/27,-0.000250346143520273
2022/12/28,-0.000108533839185485
2022/12/29,-2.19567176766199e-05
2023/01/02,0.000233154946610439
2023/01/03,0.000156730527959428
2023/01/04,0.000155942126745543
2023/01/05,-5.96697708643968e-05
2023/01/08,-0.000112027014271986
2023/01/09,9.85597030042715e-05
2023/01/10,-3.13664015667099e-06
2023/01/11,-0.000189487832215647
2023/01/12,-0.00019160187336518
2023/01/15,7.51100842039995e-05
2023/01/16,0.000147635896570828
2023/01/17,3.59000468568297e-05
2023/01/18,0.000100079968871476
2023/01/19,0.00010083849515709
2023/01/22,4.79011975294013e-05
2023/01/23,8.26247079965888e-05
2023/01/24,0.000129624029270517
2023/01/25,-6.60873515424748e-05
2023/01/26,-0.000108062807898718
2023/01/29,0.00023683989524625
2023/01/30,0.000212621331164794
2023/01/31,0.000347674547769229
2023/02/01,0.000228777944450332
2023/02/02,9.61874805292504e-05
2023/02/05,-2.33024651265425e-05
2023/02/06,6.59612445374927e-05
2023/02/07,-0.000234141524280946
2023/02/08,-0.000402781604902399
2023/02/09,-0.000191618257096995
2023/02/12,-0.000259377172172647
2023/02/13,-6.49769701199775e-05
2023/02/14,-4.20232578564151e-05
2023/02/15,5.23257538618867e-05
2023/02/16,0.000214201238529884
2023/02/19,-0.000147522944132223
2023/02/20,0.000330775376706194
2023/02/21,0.000140270165578258
2023/02/22,-0.000224431103877265
2023/02/23,-6.68095725761698e-05
2023/02/26,-4.47736106736444e-05
2023/02/27,-0.000274103615888891
2023/02/28,-0.000193315316835044
2023/03/01,-0.000229363303849314
2023/03/02,-2.474806904529e-05
2023/03/05,-0.000428864262899618
2023/03/06,-9.8779866611036e-05
2023/03/07,0.000156966324930676
2023/03/08,-0.0001837480016497
2023/03/09,-0.000304257118238443
2023/03/12,0.000409301190948785
2023/03/13,-2.01759867317777e-05
2023/03/14,0.000465274293787414
2023/03/15,0.000299314319484359
2023/03/16,0.000134720177538962
2023/03/19,0.000671833844885306
2023/03/20,0.000414720933468257
2023/03/21,-5.57260869274419e-05
2023/03/22,-0.000533099765045161
2023/03/23,-0.000112473985961244
2023/03/26,-0.000452928354837816
2023/03/27,-0.000401096849637237
2023/03/28,2.26875449228751e-05
2023/03/29,7.58887574716073e-05
2023/03/30,-0.000994448610764327
2023/04/02,0.00316706472811743
2023/04/03,-0.000767679388417834
2023/04/04,0.000158765809419096
2023/04/05,0.000250441507815111
2023/04/09,-2.90696469163878e-05
2023/04/10,-8.61360898018849e-05
2023/04/11,-0.000246133462302945
2023/04/12,-0.00045585645899329
2023/04/13,3.04015163380917e-05
2023/04/16,0.000290322279079585
2023/04/17,-7.86717666997726e-05
2023/04/18,-0.000331345034396473
2023/04/19,-0.000177722547481848
2023/04/20,-8.97680358907256e-05
2023/04/23,-9.58574057681342e-05
2023/04/24,-0.000243934576915131
2023/04/25,-8.92596247769188e-05
2023/04/26,-5.37905810492854e-05
2023/04/27,0.000347062109928901
2023/04/30,0.000255424060907844
2023/05/01,-0.000180059905138443
2023/05/02,-0.00039534458307908
2023/05/03,0.000994838652509618
2023/05/04,-0.00055278430218347
2023/05/07,-0.000354835551467866
2023/05/08,3.78047844618063e-05
2023/05/09,-5.23714175676682e-05
2023/05/10,-0.000151678276946024
2023/05/11,5.22022583266958e-05
2023/05/14,-3.10373520370669e-05
2023/05/15,5.60422220847429e-05
2023/05/16,0.000331746275442576
2023/05/17,0.000172362446460541
2023/05/18,-4.67205481417291e-05
2023/05/21,-0.000142123746100574
2023/05/22,2.30534824201731e-05
2023/05/23,-5.28700713617594e-05
2023/05/24,-0.000265435873531493
2023/05/25,-0.000163399285943132
2023/05/28,-1.2469366199127e-06
2023/05/29,0.000287161578375356
2023/05/30,0.000185957239591778
2023/05/31,0.000178359660719467
2023/06/01,6.0335769707139e-05
2023/06/04,0.000713416494341635
2023/06/05,-0.000278539939118293
2023/06/06,-0.000204957822579404
2023/06/07,0.000182573752166587
2023/06/08,-0.000303881324286407
2023/06/11,8.52323945009937e-06
2023/06/12,-0.000168996732786961
2023/06/13,4.21713554641852e-05
2023/06/14,-4.65828148586257e-05
2023/06/15,-7.793519010101e-05
2023/06/18,-0.000132846518704419
2023/06/19,0.000129687321850147
2023/06/20,-0.00012345380384011
2023/06/21,-6.53962456099012e-06
2023/06/22,0.000118036429966811
2023/06/25,0.000237461470074335
2023/06/26,8.24275737990207e-05
2023/06/27,6.03706363987757e-05
2023/06/28,-5.20316022996562e-05
2023/06/29,-0.000107034958615807
2023/07/02,0.000143177164369897
2023/07/03,-0.000105325237985988
2023/07/04,2.63111504467252e-05
2023/07/05,-8.46183545419461e-05
2023/07/06,-0.000224506854750668
2023/07/09,3.64868290193252e-05
2023/07/10,-2.72437398050978e-05
2023/07/11,-0.0001003351116197
2023/07/12,5.00071916931797e-06
2023/07/13,-9.4770051631845e-05
2023/07/16,0.000312586032277819
2023/07/17,-3.28207359258078e-05
2023/07/18,0.000147564147363563
2023/07/19,0.00011338284294962
2023/07/20,-3.95926724971575e-05
2023/07/23,3.68378954415019e-05
2023/07/24,-2.25550554826531e-05
2023/07/25,-5.67730771728815e-05
2023/07/26,-3.32432194285114e-05
2023/07/27,-2.09071399396964e-05
2023/07/30,-2.6306510919086e-05
2023/07/31,-3.84169832185979e-05
2023/08/01,5.67725158190256e-05
2023/08/02,8.18683925671149e-05
2023/08/03,-6.39132301210439e-05
2023/08/06,-4.63008951244663e-05
2023/08/07,-4.59615870209492e-06
2023/08/08,6.69786564514798e-05
2023/08/09,9.5843226650659e-05
2023/08/10,5.45284116491175e-05
2023/08/13,9.03271646376364e-05
2023/08/14,8.67690379806043e-05
2023/08/15,4.76358763902562e-05
2023/08/16,-9.02815759758484e-05
2023/08/17,1.3202372949943e-05
2023/08/20,2.00108046269682e-05
2023/08/21,-2.24189226013333e-05
2023/08/22,6.69973342158469e-05
2023/08/23,4.67208053642864e-05
2023/08/24,0.000132809570638332
2023/08/27,-6.07767521057662e-05
2023/08/28,-8.08278400642407e-05
2023/08/29,-2.70339535260573e-05
2023/08/30,-6.36411181116794e-05
2023/08/31,-7.81365971322655e-05
2023/09/03,-0.000207711843024895
2023/09/04,0.000134000211470195
2023/09/05,-0.000151137852850206
2023/09/06,-0.000116201044887066
2023/09/07,5.10284759147858e-06
2023/09/10,1.04357778723846e-05
2023/09/11,-6.15192666048202e-05
2023/09/12,4.92205159577733e-05
2023/09/13,-6.08041998485749e-05
2023/09/14,3.38151741285549e-05
2023/09/17,1.16473972797839e-05
2023/09/18,4.95671011113288e-05
2023/09/19,7.4370345401079e-05
2023/09/20,-1.8784637980451e-05
2023/09/21,-1.62412538332555e-05
2023/09/24,1.70846846733344e-05
2023/09/25,-8.16757438007618e-05
2023/09/26,-0.000130441810102002
2023/09/27,-0.00017340156132766
2023/09/28,-0.000120495635912246
2023/10/01,5.38563887306348e-05
2023/10/02,5.60110104855819e-05
2023/10/03,5.90306420910841e-05
2023/10/04,0.000193827472451584
2023/10/05,-2.48605746604447e-05
2023/10/08,0.000652359913847114
2023/10/09,-0.000192316948890983
2023/10/10,9.043710565347e-05
2023/10/11,5.44733122578963e-05
2023/10/12,-0.000127815861973077
2023/10/15,0.000211028842586647
2023/10/16,-0.00012587403277099
2023/10/17,3.03431662190361e-05
2023/10/18,-2.22451642423248e-05
2023/10/19,4.17179558986402e-05
2023/10/22,6.12664367720281e-05
2023/10/23,-9.76155622424942e-05
2023/10/24,0.000124666981327289
2023/10/25,-7.69197789387575e-05
2023/10/26,9.39293218468501e-05
2023/10/29,2.50295227890174e-05
2023/10/30,-0.000122963783222055
2023/10/31,2.29397734243529e-05
2023/11/01,2.15388018973887e-05
2023/11/02,0.000140700952847228
2023/11/05,-0.000115231625280419
2023/11/06,-0.000111600502968343
2023/11/07,7.87792076722755e-05
2023/11/08,-1.3408594421609e-05
2023/11/09,-7.06650222539768e-05
2023/11/12,-0.000167917543794266
2023/11/13,-0.000155077347270934
2023/11/14,-0.000168096156996333
2023/11/15,8.22087486221002e-05
2023/11/16,2.4213559854996e-05
2023/11/19,1.24638427986215e-05
2023/11/20,-0.000134815508100753
2023/11/21,0.00043783268010619
2023/11/22,-0.000235452779147663
2023/11/23,-0.000222272676442292
2023/11/26,3.1946587861058e-05
2023/11/27,-0.000133467546646079
2023/11/28,-0.000136875502933284
2023/11/29,0.000599384490932873
2023/11/30,-4.22049262299271e-05
2023/12/03,0.00025542744011771
2023/12/04,0.000224936457556807
2023/12/05,2.58048557039831e-05
2023/12/06,-9.69056703239912e-05
2023/12/07,-0.000132616018467398
2023/12/10,-0.000158904955794525
2023/12/11,-1.76448751681717e-05
2023/12/12,8.71980278992465e-05
2023/12/13,-1.62893148884146e-05
2023/12/14,6.26607648195496e-05
2023/12/17,0.000251974882558068
2023/12/18,1.77515034765359e-05
2023/12/19,-3.67590443937529e-05
2023/12/20,1.68079077326799e-05
2023/12/21,-0.000103921601883395
2023/12/25,-3.29441083532742e-05
2023/12/26,2.18028384434879e-05
2023/12/27,5.08596923266953e-05
2023/12/28,-0.000109331200133767
2024/01/01,0.000193813710107507
2024/01/02,-6.99732587534539e-05
2024/01/03,-7.1642086819603e-05
2024/01/04,-7.53112218920221e-05
2024/01/07,8.26806413350978e-06
2024/01/08,2.81579314613729e-05
2024/01/09,-3.10899912649573e-05
2024/01/10,-9.10906313439142e-05
2024/01/11,3.95973885252532e-05
2024/01/14,-0.000117693652677122
2024/01/15,5.90139585168538e-05
2024/01/16,-2.86606086543583e-05
2024/01/17,2.86873993305513e-05
2024/01/18,1.86686387341335e-05
2024/01/21,-3.29763447433075e-05
2024/01/22,-0.000143262200381785
2024/01/23,-4.91935414316655e-05
2024/01/24,-0.000169199675570442
2024/01/25,-5.3795735069905e-05
2024/01/28,0.000197680717885776
2024/01/29,-6.66327246493735e-05
2024/01/30,-4.4545984785518e-05
2024/01/31,0.000560841607460984
2024/02/01,6.93110535537878e-06
2024/02/04,6.26969955458835e-05
2024/02/05,9.40030572192173e-05
2024/02/06,-0.000101977296246346
2024/02/07,-8.42500983403522e-05
2024/02/08,-5.27727864458282e-05
2024/02/11,-1.55170393199492e-05
2024/02/12,-2.38937920571175e-06
2024/02/13,0.00012174254677038
2024/02/14,3.04150279342691e-05
2024/02/15,6.29026280477251e-05
2024/02/18,-7.99027183380669e-05
2024/02/19,4.8510726037728e-05
2024/02/20,1.27082127001975e-05
2024/02/21,-2.85552029777465e-05
2024/02/22,4.55731895842768e-05
2024/02/25,-7.98584553950718e-06
2024/02/26,-4.82613083861911e-06
2024/02/27,-3.66429405417921e-05
2024/02/28,-5.21458635949977e-06
2024/02/29,-6.67544987634493e-05
2024/03/03,-5.36298426028216e-05
2024/03/04,0.000101145873498508
2024/03/05,-0.000162681180348049
2024/03/06,5.68548040162377e-06
2024/03/07,-3.53787604642948e-05
2024/03/10,-6.55095785919783e-05
2024/03/11,1.34472243145213e-05
2024/03/12,-3.22859840325383e-05
2024/03/13,-5.29679372687304e-05
2024/03/14,-8.41290008895892e-05
2024/03/17,5.11737831941742e-05
2024/03/18,-3.03622696196567e-05
2024/03/19,3.1197553732975e-05
2024/03/20,2.32102739603472e-05
2024/03/21,4.2954979795627e-05
2024/03/24,3.59732635662281e-05
2024/03/25,-4.9321067489266e-05
2024/03/26,-2.61665296747456e-05
2024/03/27,-5.8750141655095e-05
2024/03/31,1.76086174081483e-05
2024/04/01,2.06386280155445e-05
2024/04/02,-1.43408914602699e-06
2024/04/03,5.68698373725571e-05
2024/04/04,-2.70703923999045e-05
2024/04/07,0.0001623381227503
2024/04/08,-8.00062352225207e-05
2024/04/09,0.000115862761736696
2024/04/10,-8.75219461534486e-05
2024/04/11,-6.95614121096898e-05
2024/04/14,9.14485988859788e-05
2024/04/15,-3.21066362586579e-05
2024/04/16,6.76196506194034e-05
2024/04/17,1.31275651590971e-05
2024/04/18,0.000401683493886964
2024/04/21,-1.26289129829663e-05
2024/04/22,-1.77652036580705e-05
2024/04/23,5.28720364849496e-06
2024/04/24,-3.21198301126536e-07
2024/04/25,-6.88285924636488e-05
2024/04/28,-8.79286797075304e-05
2024/04/29,-4.33844748884458e-05
2024/04/30,-1.53606772883716e-05
2024/05/01,3.3294612263278e-05
2024/05/02,-4.75278243787098e-05
2024/05/05,6.68184636791468e-05
2024/05/06,-1.10072208798234e-05
2024/05/07,1.17900605886026e-05
2024/05/08,-1.24820438461761e-05
2024/05/09,-0.000104947991870712
2024/05/12,-0.000101759224546525
2024/05/13,2.85656968812635e-05
2024/05/14,0.000114633362301311
2024/05/15,-5.16444458010368e-06
2024/05/16,-1.90617053391206e-05
2024/05/19,4.84273902768026e-05
2024/05/20,9.16098464344893e-05
2024/05/21,-8.60998039266131e-06
2024/05/22,-3.3828502961846e-05
2024/05/23,4.71913518951053e-06
2024/05/26,-7.02233326888133e-05
2024/05/27,6.98222362356733e-06
2024/05/28,-2.89807916922493e-05
2024/05/29,3.83625839009291e-05
2024/05/30,-6.22523289046473e-06
2024/06/02,0.000208916606234723
2024/06/03,0.000131172393616893
2024/06/04,4.52089848543067e-05
2024/06/05,3.24048177713563e-05
2024/06/06,-3.19858128807166e-05
2024/06/09,-4.71586970948514e-05
2024/06/10,-5.28490771433989e-05
2024/06/11,-4.25943217537505e-05
2024/06/12,4.92101577887419e-05
2024/06/13,3.91696746433083e-05
2024/06/16,-1.16182873418803e-05
2024/06/17,4.51761996906098e-05
2024/06/18,3.36410472324907e-05
2024/06/19,1.66850901815072e-05
2024/06/20,-2.84922353774709e-05
2024/06/23,1.63969493623997e-05
2024/06/24,2.73482764837029e-05
2024/06/25,5.47039411337702e-05
2024/06/26,-1.74122835828329e-05
2024/06/27,5.59748641578224e-05
2024/06/30,5.07861992892987e-05
2024/07/01,-3.50568142571963e-05
2024/07/02,-6.86210280423321e-05
2024/07/03,-0.000142972789369254
2024/07/04,-5.15162282493536e-05
2024/07/07,-6.92499800854003e-05
2024/07/08,-2.1233884654611e-05
2024/07/09,3.45881260939337e-05
2024/07/10,7.92632735659479e-05
2024/07/11,-6.70153598875656e-05
2024/07/14,1.4369983101395e-05
2024/07/15,-6.11275896868473e-05
2024/07/16,-1.939311073258e-05
2024/07/17,-5.16033107552757e-05
2024/07/18,-4.59324097549588e-06
2024/07/21,5.92329010033332e-05
2024/07/22,7.50619482480578e-05
2024/07/23,-5.11370283546912e-05
2024/07/24,2.91497647594006e-07
2024/07/25,-3.85362243578355e-05
2024/07/28,5.70382775420132e-05
2024/07/29,-0.000121077025336193
2024/07/30,1.92246397449298e-05
2024/07/31,-2.23079031029076e-05
2024/08/01,-4.7431803236118e-05
2024/08/04,0.00031827883434815
2024/08/05,7.61048951739087e-05
2024/08/06,-1.6236301250222e-05
2024/08/07,-3.53211158118363e-07
2024/08/08,-4.58485178212646e-05
2024/08/11,-6.5110148219298e-05
2024/08/12,-0.000186363179103679
2024/08/13,0.000224874273711382
2024/08/14,3.45789283952491e-05
2024/08/15,0.000127692269205441
2024/08/18,0.000104638200699514
2024/08/19,-2.12941589663445e-05
2024/08/20,1.77306039590562e-05
2024/08/21,-9.68674093466536e-06
2024/08/22,-0.000146839351606105
2024/08/25,-0.000205833918898315
2024/08/26,-0.000188062508362395
2024/08/27,3.71531576010197e-05
2024/08/28,-5.35083995295942e-05
2024/08/29,7.30540493276827e-05
2024/09/01,-0.000245335853068629
2024/09/02,0.000151542861332788
2024/09/03,0.000336915501191188
2024/09/04,-0.000271787433643724
2024/09/05,6.48193076490928e-05
2024/09/08,2.41650586968189e-05
2024/09/09,1.21226041257547e-05
2024/09/10,9.95863636379395e-05
2024/09/11,0.000132012823225915
2024/09/12,6.23799419605615e-05
2024/09/15,-8.86131819967671e-05
2024/09/16,-1.8628035709849e-05
2024/09/17,0.000205226721983891
2024/09/18,-0.000218489072045329
2024/09/19,-0.000330132735827444
2024/09/22,-8.42593246271733e-05
2024/09/23,-0.000231791580673338
2024/09/24,-0.000185956761092441
2024/09/25,0.000253676775687423
2024/09/26,-0.000119331924749526
2024/09/29,-1.64922296672871e-05
2024/09/30,0.000767355830780735
2024/10/01,1.24047962362297e-05
2024/10/02,0.000354723127797908
2024/10/03,-0.000117550465039888
2024/10/06,-0.000188727445312588
2024/10/07,0.000422984294667072
2024/10/08,-7.01792912187313e-05
2024/10/09,-0.000228661962784327
2024/10/10,-0.000255827623322207
2024/10/13,0.000369768933981866
2024/10/14,0.000164807391569817
2024/10/15,-0.000153730527614449
2024/10/16,-0.000264173390540246
2024/10/17,-9.82724770175852e-05
2024/10/20,-9.53786768555437e-05
2024/10/21,-5.64727464673133e-05
2024/10/22,-4.74823279178615e-05
2024/10/23,5.77796103277013e-05
2024/10/24,-0.000468964135054542
2024/10/27,0.00168339580444361
2024/10/28,-0.000475113496528199
2024/10/29,-1.78026606250186e-05
2024/10/30,8.99256376779796e-05
2024/10/31,-0.000257599042528296
2024/11/03,3.59672232912402e-05
2024/11/04,-0.000367696447698268
2024/11/05,-0.00018223415095445
2024/11/06,-0.000227867172732242
2024/11/07,-1.44346690694737e-05
2024/11/10,1.04098544593228e-05
2024/11/11,-0.000124349261762119
2024/11/12,-9.08364685867693e-05
2024/11/13,-0.00011747173039691
2024/11/14,1.03311087202691e-05
2024/11/17,7.49111689161036e-06
2024/11/18,0.000119552669998792
2024/11/19,0.000116688180592972
2024/11/20,0.000314852598184786
2024/11/21,0.000195520207910126
2024/11/24,5.8259638686643e-05
2024/11/25,0.000102975103510088
2024/11/26,2.24817119489861e-05
2024/11/27,-0.000217559654799696
2024/11/28,3.12087351097382e-05
2024/12/01,0.000183774171106539
2024/12/02,9.71333055445586e-06
2024/12/03,-0.000109202855689073
2024/12/04,5.01328238052286e-05
2024/12/05,5.56165859438544e-05
2024/12/08,-4.67617353877055e-05
2024/12/09,-8.87668299609756e-05
2024/12/10,1.07104301377761e-05
2024/12/11,8.36721328852621e-05
2024/12/12,-2.13810290751126e-05
2024/12/15,0.000137004758981418
2024/12/16,0.000178282687088813
2024/12/17,6.92714368693835e-06
2024/12/18,6.28776016137357e-05
2024/12/19,0.000187441872425492
2024/12/22,6.44272210767638e-05
2024/12/23,-0.000106770669067561
2024/12/25,-4.16917921472626e-05
2024/12/26,-3.58038734295664e-07
2024/12/29,-9.99961997573685e-05
2024/12/30,-0.000219131444302182
2025/01/01,-0.000167028979024514
2025/01/02,-0.000266867038925763
2025/01/05,-0.000161752156299521
2025/01/06,-8.86192561495825e-06
2025/01/07,0.000101598088876342
2025/01/08,-0.00016649269053517
2025/01/09,-9.63146700349242e-05
2025/01/12,-2.91992984800531e-05
2025/01/13,8.9947341991811e-05
2025/01/14,-9.80991863761381e-05
2025/01/15,0.000108310527519826
2025/01/16,3.61863475267802e-05
2025/01/19,0.00010912311736656
2025/01/20,0.000217759003141768
2025/01/21,4.6795256966e-05
2025/01/22,-8.43618468305228e-06
2025/01/23,-5.03078117217105e-05
2025/01/26,0.00011180082572102
2025/01/27,4.14505697637611e-05
2025/01/28,-1.04451943427942e-05
2025/01/29,6.99204715362545e-05
2025/01/30,-8.47680373962577e-05
2025/02/02,0.000313639786377765
2025/02/03,0.000120616742071393
2025/02/04,0.000164742036400989
2025/02/05,0.000361317109328811
2025/02/06,0.000249351570335586
2025/02/09,0.00026537969181582
2025/02/10,5.72839603565222e-05
2025/02/11,-7.64630007586773e-05
2025/02/12,-3.10133246366348e-05
2025/02/13,-3.96681391094895e-05
2025/02/16,-0.000233390633606219
2025/02/17,-9.64384163198748e-05
2025/02/18,3.37981132775985e-05
2025/02/19,0.000115155260051331
2025/02/20,0.000105873836526901
2025/02/23,0.000146499457318151
2025/02/24,-7.57666610818242e-05
2025/02/25,-0.000250876458178077
2025/02/26,-0.000239749830699744
2025/02/27,-0.000306632943934181
2025/03/02,-0.000302448457104598
2025/03/03,-0.000483180133465556
2025/03/04,-0.00036967361828052
2025/03/05,-0.000372941183354387
2025/03/06,-0.000508614528311906
2025/03/09,-0.000203357459874934
2025/03/10,0.00019027027686317
2025/03/11,0.000220481616039259
2025/03/12,0.000370808434134156
2025/03/13,0.00043754737586918
2025/03/16,0.000280162255622887
2025/03/17,5.16028283661671e-06
2025/03/18,-0.00016102802058625
2025/03/19,-0.000171915236594175
2025/03/20,-6.94355129305594e-05
2025/03/23,0.000161283631497827
2025/03/24,8.27492544547097e-05
2025/03/25,6.14114802786434e-05
2025/03/26,9.2698373709742e-05
2025/03/27,-0.00030893480228758
2025/03/30,-0.000739008212231551
2025/03/31,-0.000822038304356045
2025/04/01,-5.74423710604275e-05
2025/04/02,-0.000302131881971955
2025/04/03,0.000348535263436056
2025/04/06,0.00278955562246419
2025/04/07,-0.000708768988198904
2025/04/08,0.00365571765595136
2025/04/09,-0.000161755072486725
2025/04/10,0.000155196185949165
2025/04/13,-0.000213414985908665
2025/04/14,-0.000726467657048018
2025/04/15,-0.000638865953334593
2025/04/16,-0.000692859571312074
2025/04/20,-0.000603829195868565
2025/04/21,-0.000696056791865774
2025/04/22,0.000238616941403586
2025/04/23,-0.000782647395917926
2025/04/24,-0.000508329847079305
2025/04/27,2.76096313083081e-05
2025/04/28,0.000125212965096686
2025/04/29,0.000543998089692437
2025/04/30,0.000544902034840248
