TRUE,Model 16,Model 15,Model 14,Model 13,Model 12,Model 11,Model 10,Model 9,Model 8,Model 7,Model 6,Model 5,Model 4,Model 3,Model 2,Model 1
0.000435248,0.000523961,0.000328352,0.000651365,0.000395841,0.000354522,0.00066036,0.000437589,0.000462586,0.000358809,0.000562862,0.000506203,0.000509827,0.000493549,0.000572329,0.000577392,0.000499663
0.000313113,0.000378313,0.000248214,0.00051285,0.000272184,0.000293652,0.000523615,0.000396576,0.00032899,0.000288973,0.000426174,0.000419324,0.000527292,0.00053746,0.000589081,0.000645126,0.00050889
0.000513405,0.000313593,0.000253875,0.000453643,0.000200314,0.000279297,0.000444868,0.00057655,0.000299709,0.000224841,0.000348725,0.000337323,0.000551996,0.000559574,0.00063613,0.000595696,0.000485445
0.000142153,0.000175295,0.000187885,0.000339852,6.57E-05,0.000240263,0.000349599,0.000342974,0.000183761,0.000123985,0.000225463,0.000204574,0.000548204,0.000525984,0.000652051,0.000539919,0.000449032
0.000352751,0.000220532,0.000263723,0.000402437,0.000130332,0.00025952,0.000417675,0.000494168,0.000244441,0.00017132,0.000299998,0.000280249,0.000526459,0.000512402,0.000640319,0.000491353,0.000418412
0.000480574,0.000492013,0.000449277,0.000674274,0.000424068,0.000342261,0.000656848,0.000621535,0.000481203,0.000343917,0.000551717,0.000560825,0.000514649,0.000505617,0.000609377,0.000460636,0.000389194
0.000303313,0.000523875,0.000410755,0.000677157,0.000425854,0.000347152,0.000702299,0.000382812,0.000498017,0.000355769,0.00057667,0.000573364,0.00047856,0.000400803,0.000567054,0.000424478,0.000372363
0.000326409,0.000293297,0.000191007,0.000411979,0.00018506,0.000300901,0.000455612,0.000512348,0.000265462,0.000198791,0.000316807,0.000311443,0.000452998,0.00037789,0.000487474,0.000395121,0.000356019
0.000231276,0.000251458,0.00017735,0.000368421,0.000158007,0.000328544,0.000415845,0.000458254,0.000245279,0.000142547,0.000278931,0.000251072,0.000458986,0.000409019,0.000481095,0.000349426,0.000331543
0.000235425,0.000346754,0.000288293,0.000444135,0.000246135,0.000349715,0.00049573,0.000399534,0.00036504,0.000183856,0.00038047,0.000318607,0.000458233,0.000375108,0.000498373,0.000348824,0.000362336
0.000307289,0.000337054,0.00030012,0.000435105,0.000258861,0.000302834,0.000490059,0.000508068,0.000311194,0.000183373,0.000348243,0.000320459,0.000452202,0.000359424,0.000464421,0.00034241,0.000343112
0.000232357,0.000368536,0.000343405,0.000472175,0.000275874,0.000293762,0.000561498,0.00043817,0.000336543,0.000218793,0.000401895,0.000361178,0.000451286,0.000376726,0.000488876,0.000337082,0.000361049
0.000729326,0.000468239,0.00042378,0.000577442,0.000374882,0.00031497,0.00065959,0.000763426,0.000457117,0.000298741,0.000495281,0.000446028,0.000438365,0.000360808,0.000468366,0.000320574,0.000351384
0.000277489,0.00040211,0.00036563,0.0005282,0.000323607,0.000272282,0.000603013,0.000451401,0.000405541,0.000267181,0.000421264,0.000358156,0.000427499,0.000358851,0.000431997,0.000311636,0.000353557
0.000272403,0.000224886,0.000220737,0.000348767,0.000130852,0.000223243,0.00046135,0.000400707,0.000231317,0.00016298,0.000264585,0.000164402,0.000423372,0.000357062,0.000427807,0.000407855,0.00040715
0.000267687,0.000236015,0.000231575,0.00034201,0.000151172,0.000244569,0.000387004,0.000456886,0.000199937,0.000164402,0.000245578,0.000180503,0.000458758,0.000382296,0.000441119,0.000438874,0.000404045
0.000227534,0.000349881,0.000345259,0.000455635,0.000276148,0.000250395,0.000462414,0.000414807,0.000331026,0.000213202,0.000389774,0.000318146,0.000469904,0.000480608,0.000497253,0.000427278,0.000415599
0.000283867,0.000298384,0.000330611,0.000388468,0.000227027,0.00020963,0.000415623,0.000426251,0.000314379,0.000170561,0.000346994,0.000283645,0.000467371,0.000498827,0.000503921,0.000404815,0.000386223
0.000192394,0.000234234,0.000248096,0.000345349,0.000190926,0.00021078,0.00041233,0.000455644,0.000254541,0.00012067,0.00028697,0.000259478,0.000460593,0.000472308,0.000497485,0.000365494,0.000358421
0.000216325,0.000281281,0.000242539,0.000399418,0.000220105,0.000249793,0.000470646,0.000497023,0.000321117,0.000158038,0.000357154,0.000319321,0.000449454,0.000474903,0.000500643,0.000346006,0.000351394
0.000269344,0.00032717,0.000237276,0.000476047,0.000286565,0.000259939,0.000530581,0.000455124,0.000342895,0.000208416,0.000382257,0.000383548,0.000423167,0.000356976,0.000420978,0.00034985,0.000391485
0.000241109,0.000317613,0.000208722,0.000477227,0.000254477,0.000267714,0.000515017,0.000415824,0.000335071,0.0002021,0.000377035,0.000346822,0.000417549,0.000346727,0.000416277,0.000314933,0.000363454
0.000220038,0.000314921,0.000190494,0.000457431,0.000241559,0.000288579,0.000450795,0.000419114,0.000326194,0.00019149,0.000352008,0.00030264,0.000412644,0.00034315,0.000403796,0.000305366,0.000342424
0.000250804,0.000356667,0.000221507,0.000498735,0.000296368,0.000268534,0.000491848,0.000462715,0.00036276,0.000219416,0.000385947,0.00033632,0.000412754,0.000345863,0.000397713,0.00028994,0.000329495
0.000388265,0.000391842,0.000255106,0.000524171,0.000323087,0.000235888,0.000553048,0.000495634,0.000405128,0.000241338,0.000432775,0.000367026,0.000413929,0.000342474,0.000402201,0.000272818,0.000316885
0.000395051,0.000378695,0.000239983,0.000496646,0.000303687,0.000239391,0.000534495,0.000565935,0.000381953,0.000219303,0.000404702,0.000339947,0.000411865,0.000337195,0.000393557,0.000260026,0.000311872
0.000200025,0.000341167,0.000213013,0.000458229,0.000268546,0.000245452,0.000495805,0.00038157,0.000338199,0.000191156,0.000361995,0.000308096,0.000414536,0.000338984,0.000399661,0.000236628,0.000294562
0.000224536,0.000348031,0.00023787,0.000471142,0.000284694,0.00023403,0.000506855,0.000435459,0.000349191,0.000208857,0.000382084,0.000339315,0.000426178,0.000390265,0.000412899,0.000352675,0.000377523
0.000294604,0.000372245,0.000285422,0.000491849,0.000309775,0.000234076,0.000526893,0.000467016,0.000378262,0.00022863,0.000412137,0.000364524,0.000440024,0.000399085,0.000433199,0.000353078,0.000402722
0.000311191,0.000308916,0.000252055,0.000419592,0.000240254,0.000228237,0.000468809,0.000453961,0.000325874,0.000181179,0.000344956,0.000281733,0.000439359,0.000364039,0.000447102,0.000328841,0.000380786
0.000275364,0.000230206,0.000196194,0.000342573,0.000169236,0.000203926,0.000403501,0.000434816,0.000251425,0.000130916,0.000262036,0.000207212,0.000435237,0.000361406,0.000444707,0.000309021,0.000354281
0.000274089,0.000274755,0.000232285,0.000388763,0.000214508,0.000204789,0.000458356,0.000413544,0.000294817,0.000156164,0.000313305,0.000266274,0.000432468,0.000365553,0.000444267,0.000277482,0.000331004
0.000348777,0.000326197,0.000275261,0.00043086,0.000259584,0.000225374,0.000501766,0.000478484,0.000332087,0.000186298,0.000361016,0.000322509,0.00042807,0.000374484,0.000429727,0.000269191,0.000332275
0.000301033,0.000263441,0.00022801,0.000373075,0.000207445,0.000224064,0.00044858,0.000428298,0.000257256,0.00016006,0.000298795,0.000281892,0.000425775,0.000355217,0.000413904,0.000312257,0.000342415
0.00027018,0.000232054,0.000207032,0.000352633,0.000184868,0.000220941,0.000436552,0.000407208,0.000241855,0.000158157,0.000287078,0.000275399,0.000429952,0.000360153,0.000426169,0.000281502,0.000319927
0.000213305,0.000302181,0.000250455,0.000420472,0.000255202,0.000227698,0.000506696,0.000436872,0.000322932,0.000197542,0.000355927,0.000346191,0.00043662,0.000373911,0.00043855,0.000314431,0.000324731
0.000309103,0.000302938,0.000226018,0.000404387,0.000241451,0.000203453,0.000516563,0.000452657,0.000327453,0.000175003,0.000346755,0.000333711,0.000438246,0.000402016,0.000444788,0.000354921,0.000335122
0.000246283,0.000226228,0.00015555,0.000312493,0.000158442,0.000168826,0.00045111,0.000441804,0.000258523,0.000118227,0.000266114,0.000255015,0.000436381,0.000401989,0.000440585,0.000424707,0.000364047
0.000218886,0.0002373,0.000178433,0.000330404,0.000180578,0.000171851,0.0004691,0.000415324,0.00028277,0.00013242,0.00027439,0.000273472,0.000430573,0.000378075,0.000436294,0.000387617,0.00034319
0.00034898,0.000283402,0.000237112,0.000392106,0.000236293,0.000179436,0.00050552,0.000446169,0.00032386,0.000175414,0.000322914,0.000330627,0.000429421,0.000376785,0.000431714,0.00036778,0.000337579
0.000307705,0.000249139,0.000232927,0.000373053,0.000205523,0.000166941,0.000481837,0.00043184,0.000273833,0.000162755,0.000308549,0.000315496,0.000424163,0.000365276,0.000421505,0.000359557,0.000321991
0.000398851,0.000222007,0.000220422,0.000347673,0.000176996,0.000174737,0.000456163,0.000501196,0.000242734,0.000141262,0.000289495,0.000296009,0.000419279,0.000363035,0.000410831,0.000354941,0.000309387
0.000251213,0.000260341,0.000221313,0.000385568,0.000221267,0.000187145,0.00048576,0.000415769,0.000270567,0.000151208,0.000311012,0.000342321,0.000424841,0.000372624,0.000409823,0.000384799,0.000314438
0.000207157,0.000246848,0.000154363,0.000362565,0.000188324,0.000153592,0.000482451,0.000398305,0.000251358,0.000138675,0.000294332,0.00033761,0.00043163,0.000399683,0.000429882,0.000345407,0.000296326
0.000199072,0.000185941,6.62E-05,0.000290629,0.000112713,0.000120166,0.000406833,0.000399391,0.000180338,0.000110002,0.000212783,0.000275664,0.000441295,0.000379669,0.000435083,0.000325587,0.000297494
0.000169623,0.000192322,6.26E-05,0.000310968,0.000116774,0.000131532,0.000413682,0.000408356,0.000205557,0.000117601,0.000222765,0.000273877,0.000443272,0.000375465,0.000451669,0.00030286,0.00028152
0.000191593,0.000231919,0.000115904,0.00036591,0.000159647,0.000148886,0.000441244,0.000395646,0.000278159,0.000137646,0.000269376,0.000297197,0.000437549,0.000385013,0.000454311,0.000292255,0.000290386
7.97E-05,0.000258477,0.000158433,0.000408288,0.000201167,0.000156503,0.000462163,0.00033547,0.000305861,0.00014122,0.000294217,0.00031573,0.000425471,0.000365383,0.000430403,0.000268106,0.000275727
0.000470403,0.00030959,0.000212193,0.000452682,0.000240902,0.000187979,0.000498655,0.000558426,0.000347786,0.000163712,0.000345746,0.000349353,0.000412716,0.00034663,0.000410618,0.000270451,0.000306669
0.000227265,0.000349517,0.000232216,0.000491581,0.000284463,0.00021314,0.000519602,0.000451528,0.000363366,0.000197493,0.000372695,0.000386667,0.000398973,0.000330407,0.000373773,0.00028385,0.00036449
0.000192915,0.00028539,0.000156539,0.000439315,0.000214331,0.00019281,0.000464889,0.00041505,0.00028522,0.000173059,0.000311486,0.000331438,0.000388722,0.000288498,0.000356976,0.000258135,0.000339199
0.000196619,0.00017012,4.60E-05,0.00032696,9.07E-05,0.000163367,0.000319387,0.000414274,0.000138006,0.000102369,0.000183485,0.000219718,0.000405128,0.000313608,0.000358607,0.000242959,0.000322063
0.000175555,0.000142903,4.45E-05,0.000304381,5.58E-05,0.000151569,0.000303563,0.00039594,0.000115156,7.43E-05,0.000176991,0.000195144,0.000414188,0.000404968,0.000389329,0.000230696,0.000308525
0.000140218,0.000175886,0.000132848,0.000330497,8.71E-05,0.000131728,0.000310487,0.000406973,0.000170138,9.54E-05,0.000199708,0.000213443,0.000416766,0.000394163,0.000396604,0.000245703,0.000302205
0.000246857,0.00019366,0.000196104,0.000364421,0.000126626,0.000106034,0.000328654,0.000481576,0.000181239,0.000109598,0.000210823,0.000238491,0.000416645,0.000399828,0.000396766,0.000224538,0.000286245
0.000106657,0.000173117,0.000197723,0.000332767,8.20E-05,0.000110401,0.000300587,0.000420044,0.000165261,0.0001053,0.000203685,0.000211565,0.000413923,0.00041066,0.000414496,0.000204903,0.000271019
0.000200145,0.000152175,0.000149097,0.000313759,7.29E-05,0.000135063,0.000271404,0.000441877,0.000121213,0.000102385,0.000170921,0.000197901,0.000393794,0.000306148,0.000363731,0.00020278,0.000280739
0.000190895,0.000159842,0.000121355,0.000333441,8.25E-05,0.000160503,0.000277855,0.000418803,0.000125375,0.000106306,0.000180279,0.00020053,0.000394537,0.000299758,0.000355232,0.000209554,0.000272491
0.000250014,0.000194061,0.000129224,0.00036682,0.000104514,0.000186794,0.000329939,0.000404288,0.00017073,0.00011567,0.000230396,0.000214361,0.000390389,0.000330531,0.000355687,0.000213769,0.000298038
0.00033548,0.000257378,0.000180353,0.000411639,0.000163953,0.00020404,0.000376326,0.000499146,0.000229445,0.000152026,0.00027716,0.000254222,0.000389462,0.000339477,0.000346007,0.000194807,0.000281295
0.000304085,0.00031446,0.000229843,0.000464455,0.000226211,0.000189601,0.000432399,0.000435435,0.000270616,0.000197369,0.000330505,0.000316045,0.000391641,0.000348424,0.000349396,0.000181285,0.000268904
0.000293488,0.000302931,0.000225231,0.000439326,0.000201756,0.00016613,0.000406564,0.000499911,0.000253703,0.000196053,0.000320917,0.000308047,0.000397863,0.000353249,0.000360915,0.000177778,0.000258055
0.000284384,0.000262598,0.000181468,0.000389688,0.00016524,0.000168677,0.000354375,0.000432862,0.000203038,0.000154524,0.000276671,0.000268738,0.000409006,0.000346006,0.000366402,0.000224825,0.000278562
0.000238352,0.000295873,0.000202549,0.000406623,0.000194663,0.000194061,0.000393666,0.000387045,0.000250232,0.000150253,0.000323799,0.000296283,0.00042379,0.000369754,0.000402308,0.000205388,0.000264531
0.0003284,0.000411717,0.000299469,0.000506,0.000323789,0.000214811,0.00051976,0.000464139,0.000365364,0.000211115,0.000443131,0.000418695,0.000431499,0.000377242,0.000418655,0.000192265,0.000256407
0.000357652,0.000493422,0.000383088,0.000569276,0.000405938,0.00022841,0.000616858,0.000502141,0.000434929,0.000255789,0.000523702,0.000498248,0.000435907,0.000377337,0.000434906,0.000194186,0.000249101
0.00033687,0.000443342,0.000364907,0.000496989,0.000339031,0.000236534,0.000579132,0.000435917,0.000377773,0.000210308,0.000460719,0.000421151,0.000432589,0.000377497,0.000437607,0.000182919,0.000241523
0.000389177,0.000342243,0.000297879,0.000387796,0.000229654,0.00024086,0.000477098,0.000450158,0.000266807,0.000140855,0.000341243,0.000293592,0.000431736,0.000386992,0.000426823,0.000208541,0.00034018
0.000364098,0.000352362,0.000305016,0.000407992,0.000230426,0.000264896,0.000488429,0.000367579,0.000269518,0.00015519,0.000345894,0.000274008,0.000437112,0.000387561,0.000432662,0.00027336,0.000366104
0.000470157,0.00049663,0.000392792,0.0005588,0.000359242,0.00032527,0.000620929,0.000440652,0.000395821,0.0002628,0.00047462,0.00037149,0.00044269,0.000403199,0.00044218,0.000295496,0.000356414
0.000764052,0.000671908,0.000483343,0.000737806,0.000528487,0.00038655,0.000801622,0.000565878,0.00054047,0.000391294,0.00063222,0.000513172,0.000452166,0.00041586,0.000454078,0.000378503,0.000396207
0.00066204,0.000788774,0.000538407,0.000857452,0.000638734,0.000409558,0.000975312,0.000542451,0.000650341,0.00048871,0.000760827,0.000621976,0.000459898,0.000416498,0.000477656,0.000348665,0.000371578
0.001333467,0.000811291,0.000568684,0.00087992,0.000656421,0.000417183,0.00103338,0.00091956,0.000692837,0.000509141,0.000775164,0.000615152,0.000471193,0.000431985,0.000490139,0.000678733,0.000693375
0.000340957,0.000692035,0.000523523,0.000752914,0.000534753,0.000418579,0.000868718,0.000364162,0.000592839,0.000409944,0.000651341,0.000468634,0.000508415,0.000488572,0.000525868,0.000738125,0.000678943
0.000461253,0.000484918,0.000397194,0.000525207,0.000330975,0.00038481,0.000616547,0.000442137,0.000389099,0.000259248,0.000482101,0.000312712,0.000540746,0.000470023,0.000591016,0.000643167,0.000607902
0.000434714,0.000408021,0.000342786,0.000431995,0.000277564,0.000349222,0.000440347,0.000406073,0.000253534,0.000203997,0.000385878,0.000334487,0.000619404,0.000474773,0.000676041,0.000656959,0.000713734
0.000397934,0.000513647,0.000462484,0.000547721,0.000379106,0.0003593,0.000550393,0.000402233,0.000402139,0.000247115,0.00054181,0.000492049,0.000622095,0.000832536,0.000779176,0.000612694,0.000641896
0.000784569,0.000528801,0.000538259,0.00056195,0.000385043,0.000371945,0.000573516,0.000715278,0.000476334,0.0002517,0.000540718,0.000491104,0.000602932,0.000830118,0.000765138,0.000741103,0.000686406
0.000349992,0.000418768,0.000458959,0.000539276,0.000327135,0.000359776,0.000650287,0.000450498,0.000360087,0.000210002,0.000443733,0.000441169,0.000571834,0.000833111,0.000714238,0.000647611,0.000614827
0.000431481,0.000318734,0.000374918,0.000462835,0.00019824,0.000382131,0.000530864,0.000524713,0.000265153,0.000194327,0.000400947,0.000343878,0.000532806,0.000786327,0.000674852,0.000669452,0.000781911
0.000358562,0.000323889,0.000331742,0.00046958,0.000204536,0.000433328,0.000419653,0.00042007,0.000161326,0.000203219,0.000310527,0.000320991,0.000514936,0.000413643,0.000544165,0.00075101,0.000761743
0.000386208,0.000351666,0.000342573,0.000486762,0.000172441,0.000442746,0.000495969,0.000431285,0.000219347,0.000210273,0.000359036,0.000292037,0.000517895,0.000628207,0.000592457,0.000664959,0.000684534
0.000440872,0.000418934,0.000364289,0.000516061,0.000226596,0.000425367,0.000504382,0.000498861,0.000313632,0.000244925,0.000391896,0.000310377,0.000511998,0.000617791,0.000579044,0.00059733,0.000618126
0.000426262,0.000552746,0.000401697,0.000651378,0.000393901,0.000416873,0.000607945,0.000542785,0.000448773,0.000302004,0.000528369,0.000451487,0.000501808,0.000610727,0.000574458,0.000559809,0.000601817
0.000711161,0.000591096,0.000384255,0.000674141,0.000413617,0.000408402,0.000689028,0.000672587,0.00049691,0.000315734,0.000586503,0.000490622,0.000490378,0.000597166,0.000569528,0.000557477,0.000555188
0.000441943,0.000517858,0.000313265,0.00062455,0.000361192,0.000403803,0.00068458,0.00050437,0.000404923,0.000281702,0.00051739,0.000445324,0.000474949,0.000441801,0.000507349,0.000641559,0.000573006
0.000610088,0.000510237,0.000342238,0.000632994,0.000339499,0.000430214,0.000659982,0.000534344,0.000421919,0.000290741,0.000529439,0.000445002,0.0004803,0.000438047,0.000521574,0.000747786,0.000607305
0.00060561,0.000561092,0.000414267,0.00069291,0.000398135,0.000437729,0.000640166,0.000586933,0.000456574,0.000335789,0.000551978,0.00049663,0.000507239,0.000488736,0.000537575,0.000691175,0.000577342
0.000412758,0.000523308,0.000405543,0.000664269,0.000347329,0.000394521,0.000596417,0.000460172,0.000417505,0.000319635,0.000527196,0.000456793,0.000517767,0.000475438,0.000580518,0.000737263,0.000572762
0.000462379,0.000431222,0.000332743,0.000567884,0.000249182,0.000353747,0.000490377,0.000477244,0.000324687,0.000272387,0.000423557,0.000350343,0.000532593,0.000493548,0.000599668,0.000681353,0.000550284
0.000467644,0.000441912,0.000320791,0.000595378,0.000277281,0.000352052,0.000537812,0.000464849,0.00033893,0.000279047,0.00044114,0.000364811,0.000545448,0.000547661,0.00062762,0.000803463,0.000600881
0.000629082,0.000490649,0.000367095,0.000643587,0.000314951,0.00035478,0.000623382,0.000541043,0.000410987,0.000315025,0.000510928,0.000403662,0.000537133,0.000548002,0.000646185,0.000798533,0.000569141
0.000368566,0.000498063,0.00039897,0.000658254,0.000337216,0.000368952,0.00065879,0.00044626,0.000394556,0.000320333,0.00049987,0.0004187,0.000520917,0.000536085,0.000600038,0.000737586,0.000519468
0.000376008,0.000493476,0.000418628,0.000648008,0.000315846,0.000408803,0.000657759,0.000491219,0.000376855,0.000309986,0.000504985,0.000425109,0.000516031,0.000551133,0.00060377,0.00068844,0.000503319
0.00055936,0.000466108,0.000412681,0.000599542,0.000288232,0.000428677,0.000559571,0.000546158,0.000340516,0.000287267,0.000458932,0.000406807,0.000520265,0.000541517,0.000589755,0.000721427,0.000501408
0.00039618,0.000400424,0.000375098,0.000534171,0.000233854,0.000404905,0.000498004,0.000532297,0.000297213,0.00024065,0.000407368,0.000345415,0.000509669,0.000488434,0.000578133,0.000637856,0.000456551
0.000294633,0.000355152,0.00032947,0.00047955,0.000183763,0.000394582,0.000443731,0.000391714,0.000271579,0.000202294,0.000369382,0.000286204,0.000501126,0.000477847,0.000570738,0.000902402,0.0006597
0.000239248,0.000386463,0.000303034,0.000510607,0.000228946,0.000402789,0.000451611,0.000508854,0.000272797,0.000211104,0.000387813,0.000332923,0.00050579,0.000486169,0.000565719,0.000926242,0.000638779
0.000296324,0.000428438,0.000324187,0.000540333,0.000256906,0.000389799,0.000499426,0.000463088,0.000307256,0.000239275,0.000444632,0.000391774,0.000499269,0.000462985,0.000571535,0.000806219,0.000574769
0.000283075,0.000433211,0.000380442,0.000532258,0.000265304,0.000367997,0.000503843,0.000475912,0.00031792,0.00024106,0.000438929,0.000394852,0.00047891,0.000388919,0.000527144,0.000761871,0.000565935
0.000486685,0.000400884,0.000429856,0.000497163,0.000234294,0.000367045,0.000473621,0.000575462,0.000308857,0.000206525,0.00040032,0.000337991,0.000464607,0.000392088,0.000511398,0.000692874,0.000528444
0.000323922,0.000308683,0.000405565,0.000401904,0.000145297,0.000363315,0.000375184,0.000459803,0.000228459,0.000141225,0.000309222,0.00022866,0.000452198,0.000389199,0.000491873,0.000628099,0.000483432
0.000263047,0.000247486,0.000347502,0.000342855,0.000102497,0.000351448,0.000341437,0.000444668,0.000141339,0.000106824,0.000276816,0.00019025,0.00043441,0.000378276,0.000447028,0.000670846,0.000481242
0.000240074,0.000346734,0.00036541,0.000419045,0.000198361,0.00037239,0.000440244,0.000358845,0.00019901,0.000161901,0.000358625,0.000294354,0.000445163,0.000422702,0.00044018,0.000925569,0.000672984
0.00096234,0.00048453,0.000387899,0.000534374,0.000318158,0.000385445,0.000593572,0.000761767,0.000316755,0.000240451,0.000483693,0.000421335,0.000452732,0.000370549,0.000462249,0.000899936,0.000748135
0.000287069,0.000482429,0.000328517,0.00051947,0.000299853,0.000346689,0.000577477,0.000416185,0.000332087,0.000252839,0.000483453,0.000418339,0.000452193,0.00037497,0.000472463,0.000818937,0.000701091
0.0002406,0.000431945,0.000258035,0.000487217,0.000255648,0.000306223,0.000507762,0.00033168,0.000303293,0.000231471,0.000438034,0.000375609,0.000445067,0.0003629,0.000465368,0.00071319,0.000628276
0.000488879,0.000435529,0.000243489,0.000490643,0.000246805,0.000306411,0.000448214,0.000534515,0.000292134,0.000236329,0.000424398,0.000360816,0.000494065,0.000450853,0.00050026,0.000713114,0.000585862
0.000338661,0.000477422,0.000283371,0.00053874,0.000280015,0.000305399,0.000537767,0.000366111,0.000366013,0.000271006,0.00049313,0.000382922,0.000496499,0.000487343,0.000539828,0.00066274,0.000535109
0.000411061,0.000594924,0.000419729,0.000648785,0.000394085,0.000326026,0.000639664,0.000419903,0.000532408,0.000359811,0.000565463,0.000432333,0.000485568,0.000477038,0.000530299,0.000675261,0.00051377
0.001297147,0.000807585,0.000597536,0.000886928,0.000638524,0.000386757,0.000894564,0.000881148,0.000725511,0.00047798,0.000743263,0.000604141,0.000494326,0.000521306,0.000540736,0.000616304,0.000468715
0.00067907,0.000812782,0.000600607,0.000890904,0.000623683,0.000405758,0.000988286,0.000543108,0.000733572,0.000501706,0.000808968,0.000608113,0.000488276,0.000542484,0.000572562,0.00058613,0.000464339
0.00080158,0.000586613,0.000386993,0.000685534,0.000426606,0.000362992,0.000767426,0.000543328,0.000416826,0.000395713,0.000582698,0.000439242,0.000462236,0.000454154,0.000473886,0.00053185,0.000442125
0.000633772,0.000436548,0.000271702,0.000558076,0.000270868,0.000347626,0.000559189,0.000425329,0.00019374,0.000296467,0.000422225,0.000334729,0.000549297,0.000605064,0.000546175,0.000630867,0.000488094
0.000452466,0.000436165,0.000339221,0.000548854,0.000248021,0.000347353,0.00059925,0.000387797,0.000254384,0.000280071,0.000489758,0.000359296,0.000594973,0.000637337,0.000685063,0.000658494,0.000476502
0.000370363,0.000452682,0.000436461,0.000540621,0.000267473,0.00031477,0.000565848,0.000477544,0.000323773,0.000288122,0.000451754,0.000364329,0.000616087,0.000646063,0.000723914,0.000662006,0.000461
0.000350916,0.000491155,0.000502008,0.000616007,0.000345032,0.000307337,0.000629782,0.000452762,0.000385969,0.000291517,0.000494156,0.000419277,0.000634444,0.000607162,0.000790478,0.000692872,0.000454881
0.000340516,0.000492876,0.000516462,0.000612457,0.00032699,0.000361491,0.000590828,0.000520852,0.000447699,0.000284387,0.000548358,0.000414106,0.000614456,0.000605092,0.000816792,0.000889683,0.000582629
0.000421368,0.000415277,0.000410456,0.000555453,0.000299082,0.000395972,0.000480131,0.000511701,0.000323169,0.000230409,0.000451113,0.000359042,0.000546667,0.000480625,0.000673255,0.000774128,0.000528421
0.000406612,0.000309474,0.000318798,0.000463011,0.000165235,0.000396153,0.000413093,0.000459046,0.000196717,0.000164427,0.000355609,0.000251625,0.000514233,0.000465131,0.000620915,0.000730353,0.000525541
0.000271122,0.000308477,0.000330753,0.000461685,0.000138967,0.000413311,0.000458007,0.000438446,0.000165064,0.00017733,0.000334683,0.000234719,0.000480185,0.0004415,0.000546,0.00062834,0.000477809
0.000388889,0.000383891,0.000416815,0.000540905,0.000208979,0.000424678,0.000563594,0.000544858,0.000224135,0.000242259,0.000381969,0.000282901,0.000467983,0.000401879,0.000502498,0.000809222,0.000585562
0.000563518,0.000386573,0.000434531,0.000551121,0.00022492,0.000386639,0.000553071,0.000543963,0.000236388,0.000256675,0.000392916,0.00027391,0.000468761,0.000460973,0.000496708,0.000733857,0.000550133
0.00030592,0.000364178,0.00039591,0.000521501,0.000212686,0.000356232,0.000487657,0.000442847,0.00023339,0.000244155,0.000388654,0.000244259,0.000461651,0.000424672,0.000494808,0.000704073,0.000577065
0.000307223,0.000417813,0.000380178,0.000563219,0.000274834,0.000368111,0.000514948,0.000511001,0.000281193,0.000270005,0.000430947,0.000295816,0.00046175,0.000453493,0.000488483,0.000616449,0.000522098
0.000428181,0.000464586,0.000372358,0.000592168,0.000317941,0.000369353,0.000541486,0.000555142,0.000317464,0.000291373,0.000481891,0.000371301,0.000479086,0.000440144,0.000506469,0.000559621,0.000483551
0.00031227,0.00042871,0.000351092,0.000521479,0.000275396,0.0003549,0.00048958,0.000464366,0.00030779,0.000249588,0.000470131,0.000369589,0.000475057,0.000444477,0.000515094,0.000522029,0.000466307
0.000357663,0.000373489,0.000335011,0.00044849,0.000234763,0.00036154,0.000445212,0.00052033,0.000272915,0.00019177,0.000400677,0.000327248,0.000467314,0.000442705,0.000498613,0.000488776,0.000430606
0.000401453,0.000344985,0.000320464,0.000444477,0.000219786,0.000363812,0.000480211,0.000406915,0.000248054,0.000165701,0.000375405,0.0003199,0.000472593,0.000492294,0.000511644,0.000432852,0.000396075
0.000467708,0.000348379,0.000297728,0.000473017,0.00021664,0.000343093,0.000519913,0.000427209,0.000253486,0.000199567,0.00041075,0.000350188,0.000464292,0.000489871,0.000510415,0.000420983,0.000371613
0.000406603,0.000445046,0.000319055,0.000588024,0.000317897,0.000350871,0.00060796,0.000481105,0.000324172,0.000303033,0.000482105,0.000443242,0.000455,0.000431788,0.000471772,0.00041452,0.00040391
0.000801973,0.000591322,0.000378253,0.000736066,0.000446581,0.000384558,0.000755955,0.000590261,0.000457421,0.000413249,0.000605233,0.000550808,0.000461906,0.000441876,0.000482942,0.000482049,0.000424544
0.000549382,0.000649385,0.000408207,0.000768236,0.00048549,0.000392531,0.000793412,0.000512631,0.000526244,0.000447655,0.000659952,0.000576695,0.000473385,0.000461827,0.000502112,0.000558479,0.000455556
0.000496726,0.000606683,0.000401643,0.000710962,0.00045708,0.00037781,0.000743259,0.000553005,0.00049801,0.000402102,0.000628066,0.000531494,0.000477088,0.000500526,0.000505213,0.000552745,0.000430026
0.000417264,0.00051902,0.000381803,0.00061104,0.000379342,0.000368128,0.000630812,0.000431999,0.000401541,0.000320619,0.000528069,0.000445249,0.000516726,0.000559078,0.000543866,0.000554674,0.000412244
0.00042912,0.000428696,0.000351742,0.000511489,0.000282372,0.000342215,0.000569454,0.00047163,0.000316147,0.000249697,0.000458016,0.000377343,0.000537458,0.00059979,0.000601368,0.000560362,0.000490076
0.000453281,0.000405477,0.000365377,0.000472604,0.000254026,0.000314876,0.000549197,0.000544882,0.00030672,0.000240244,0.000429383,0.00037389,0.000542327,0.000624649,0.000622385,0.000540454,0.000456949
0.000471883,0.000476642,0.00042324,0.000567735,0.000348635,0.000323836,0.000646005,0.000490426,0.00037596,0.000280943,0.000496698,0.000476755,0.000533463,0.000586506,0.000621987,0.000513186,0.000456439
0.000428477,0.00049013,0.000428106,0.000584875,0.000347969,0.00035391,0.000648093,0.000513712,0.000403238,0.000280556,0.000523168,0.000491554,0.000522101,0.000599897,0.000624003,0.000719449,0.000600034
0.00048332,0.000399407,0.000350569,0.000506932,0.000279536,0.000369837,0.000550642,0.000519634,0.000302222,0.00023119,0.000430607,0.000415,0.000500525,0.000536845,0.000564069,0.000656475,0.0005695
0.000294581,0.000356441,0.000346431,0.000476905,0.000243541,0.000380825,0.000507032,0.00041859,0.000269719,0.000221797,0.000400917,0.000378298,0.000497186,0.000516276,0.000549427,0.000656354,0.000534922
0.000499228,0.000383043,0.000404627,0.000508109,0.000271476,0.000383234,0.000524641,0.000532256,0.00030247,0.00024796,0.000423883,0.000396112,0.000494771,0.000488243,0.000542911,0.00062,0.000523873
0.000360566,0.00034699,0.000394511,0.000461299,0.000224361,0.000355822,0.000475439,0.000554156,0.000264415,0.000210043,0.000373595,0.000341375,0.000499155,0.000497004,0.00054804,0.000556991,0.000477233
0.000310322,0.000258796,0.000311506,0.000355582,0.000127274,0.000314804,0.000406887,0.000461858,0.000184861,0.000129609,0.000296689,0.000256074,0.000487026,0.000457591,0.000545922,0.00050714,0.00043765
0.000303503,0.00026833,0.000288827,0.000345529,0.000148174,0.00029724,0.000403577,0.000477574,0.00019069,0.000115439,0.000296777,0.000284576,0.000487782,0.000499858,0.00053158,0.000495169,0.000411445
0.000351825,0.000356892,0.000331385,0.000438184,0.000252109,0.000294745,0.000507819,0.000498836,0.000281658,0.00016815,0.000398431,0.000398873,0.000481462,0.000473279,0.00052826,0.000455298,0.000386917
0.000278723,0.000365172,0.000333862,0.000441525,0.000254559,0.000288707,0.000508716,0.000486007,0.000305591,0.000190004,0.00041279,0.000408531,0.000470403,0.000457048,0.000514022,0.000422948,0.000376586
0.00034036,0.000328904,0.000306491,0.00041507,0.000234113,0.000290646,0.000483303,0.000527419,0.00027514,0.000175531,0.000374503,0.000377086,0.000458296,0.00040611,0.000484712,0.00040504,0.000354526
0.000214194,0.000347259,0.000321041,0.000428957,0.000240744,0.000305429,0.000500536,0.000449873,0.000316205,0.00017775,0.000396163,0.000371562,0.000456465,0.000420065,0.000488896,0.000390017,0.0003531
0.00032517,0.000375652,0.000317861,0.000454473,0.000265581,0.000309449,0.000525408,0.000423831,0.000348026,0.000179526,0.00040542,0.000362693,0.000444506,0.000379269,0.00046039,0.00035908,0.000330507
0.000538957,0.000387287,0.00028473,0.000466339,0.000262337,0.000308925,0.000528888,0.000536429,0.000352675,0.000191516,0.000393673,0.00032677,0.00044351,0.000395155,0.000450234,0.000335008,0.000319123
0.000313078,0.000469428,0.000290675,0.000564424,0.000334354,0.000323372,0.000647754,0.000364301,0.000427945,0.000279317,0.00047717,0.000380265,0.000436667,0.000367786,0.000447727,0.000332748,0.000344152
0.00048748,0.000646905,0.00038996,0.000758186,0.00051246,0.000349144,0.00086823,0.000476427,0.000599746,0.000434352,0.000640852,0.000525231,0.000435509,0.000368579,0.000439231,0.000317148,0.00033795
0.001176001,0.000751097,0.000473247,0.000885654,0.000628916,0.000359593,0.000990284,0.000869224,0.000695307,0.000517392,0.000747211,0.000605166,0.000453204,0.00038081,0.000447226,0.000356651,0.000346252
0.000528309,0.00067029,0.000452648,0.000804953,0.00053953,0.000353573,0.000929785,0.000497052,0.000645825,0.000462037,0.000699925,0.000509801,0.00045965,0.000439404,0.000476846,0.000332809,0.000331085
0.000463758,0.000539439,0.000388925,0.000670607,0.000424928,0.000339288,0.000793259,0.00045464,0.00051286,0.000375129,0.000552763,0.000392736,0.00047397,0.00047671,0.000482398,0.000422417,0.000379483
0.000466038,0.000477209,0.000351869,0.000605252,0.000375948,0.000309872,0.000659766,0.000492207,0.000403409,0.000324533,0.000479552,0.000391175,0.000551989,0.000606175,0.000567229,0.000515273,0.000423624
0.000249623,0.000412016,0.000332555,0.000513033,0.000296081,0.000267874,0.000552121,0.000387326,0.000373719,0.000270145,0.000467338,0.000384587,0.000576956,0.000614865,0.000670214,0.000568525,0.000437077
0.000210905,0.00031567,0.00029283,0.000404738,0.00022039,0.000251655,0.000413931,0.000423541,0.000309698,0.000195754,0.00034215,0.000309537,0.000568937,0.000522744,0.000664747,0.000513796,0.000403097
0.000225738,0.000285922,0.00028943,0.0004297,0.00022892,0.00027084,0.000447327,0.000437885,0.000300496,0.000157835,0.000325954,0.000320283,0.000567489,0.000576872,0.000689641,0.000464358,0.00037779
0.000279406,0.00026467,0.000290973,0.000434768,0.000195659,0.000288616,0.000463898,0.000483818,0.000311992,0.000168299,0.000366636,0.000328635,0.000531405,0.000555165,0.000673366,0.000427344,0.000355485
0.000262254,0.000236336,0.000263926,0.000433856,0.000184689,0.000309628,0.000445962,0.000507578,0.000229381,0.000185939,0.000289966,0.000305084,0.000465761,0.000416229,0.000518475,0.000427853,0.000419014
0.000331698,0.00022985,0.000256812,0.000439643,0.000146448,0.000341758,0.000462097,0.000478555,0.000205719,0.000195657,0.000259596,0.000251579,0.000441754,0.000419769,0.000466588,0.000378216,0.000386175
0.000222198,0.000240287,0.000247664,0.000422188,0.000134744,0.000352626,0.000427191,0.000412904,0.000223724,0.000199948,0.000260723,0.000220426,0.000426139,0.000364516,0.000430122,0.000339486,0.000358135
0.000250197,0.000248804,0.000211972,0.000406745,0.000163573,0.000318371,0.000383778,0.000512395,0.000234465,0.000184301,0.000267412,0.000222051,0.000416995,0.000346748,0.000398036,0.000311792,0.000337047
9.70E-05,0.00024657,0.000175711,0.00038437,0.000170312,0.000281085,0.000367946,0.000383902,0.000230012,0.000155782,0.000267618,0.00022372,0.000424554,0.000372912,0.000404036,0.000348583,0.000340276
0.000243366,0.000253996,0.000172471,0.00037764,0.000175639,0.000259552,0.00038549,0.000498404,0.000248133,0.000145637,0.0002877,0.000244384,0.000426017,0.000362103,0.00041712,0.000336558,0.000341129
0.000243103,0.000265212,0.000208446,0.000384238,0.000192558,0.000234615,0.000413153,0.00054266,0.00028255,0.000164482,0.000305511,0.000280237,0.000425279,0.000374529,0.000417878,0.000308202,0.000323641
0.000201153,0.000249754,0.0002343,0.000385701,0.000190473,0.000204907,0.000456521,0.000477511,0.000286522,0.00017186,0.00030784,0.000293961,0.000412828,0.000331646,0.00040391,0.000282624,0.000304121
0.000238485,0.000195184,0.000212687,0.000335333,0.000136129,0.000196418,0.000411733,0.000485993,0.000226283,0.000139283,0.00024762,0.000243784,0.000405774,0.000351427,0.000384895,0.00031137,0.000306862
0.000161612,0.00015193,0.000168866,0.000297941,0.000101233,0.000196912,0.000366287,0.000425861,0.00016799,0.000104808,0.000207202,0.000211787,0.000402157,0.000319968,0.000370119,0.000292271,0.000297905
0.000189771,0.000166114,0.000160875,0.000305519,0.000114947,0.000185588,0.000363115,0.000375896,0.000188382,0.000119009,0.000234782,0.000234395,0.000402519,0.000338123,0.000370948,0.000264916,0.000281788
0.000219837,0.000235555,0.00017651,0.000369458,0.000196184,0.000175861,0.000425243,0.000361363,0.000248127,0.000169667,0.000293154,0.000311471,0.000404547,0.000336588,0.000364779,0.000339606,0.000325068
0.000298328,0.000295557,0.000182886,0.00041186,0.000238265,0.000178811,0.000491952,0.00047738,0.000308811,0.000202905,0.000347838,0.000357676,0.000405906,0.000324531,0.000383458,0.00032224,0.000318641
0.000245902,0.000302333,0.000161623,0.000403738,0.000239759,0.00018031,0.000510747,0.000408096,0.000315906,0.000197178,0.000343612,0.000358288,0.000400755,0.000318084,0.000371327,0.0003022,0.000309645
0.000271566,0.000307965,0.000162449,0.00041081,0.000252622,0.000181805,0.000545827,0.000443345,0.000329545,0.000192309,0.000356,0.000373427,0.000399496,0.000319415,0.000363701,0.000287201,0.000293431
0.000457635,0.000341464,0.000201632,0.000442259,0.000286246,0.000197814,0.000579575,0.000558489,0.0003713,0.000210984,0.000386962,0.000395332,0.000406766,0.000331757,0.000371152,0.000258192,0.000277593
0.000207063,0.000355594,0.000222045,0.00046013,0.00030349,0.000202437,0.000577221,0.000336153,0.000381093,0.000229215,0.000400999,0.00040238,0.000411389,0.000329076,0.000377561,0.000260091,0.000294007
0.000379587,0.000356036,0.000227112,0.000459277,0.00030379,0.000186258,0.000547067,0.000509341,0.000376728,0.000242132,0.000405789,0.000411219,0.000418849,0.000323986,0.000391388,0.000290189,0.000299098
0.000349705,0.000371169,0.000235912,0.000469435,0.000323839,0.00017384,0.000527375,0.000484971,0.000379412,0.000239836,0.000415237,0.00043135,0.000437776,0.000389731,0.000415298,0.000295622,0.000290868
0.00027236,0.000335803,0.000222997,0.000420365,0.000275,0.00016573,0.000491231,0.000398206,0.000361212,0.000189237,0.000386299,0.000380842,0.000438635,0.000367878,0.000439643,0.000280001,0.000286925
0.000242433,0.000228659,0.000172436,0.000310228,0.000175942,0.000139463,0.000377067,0.000401832,0.000251921,0.00011481,0.000260896,0.000270409,0.000443822,0.000403983,0.000434299,0.00025345,0.000272406
0.000156151,0.000183043,0.000175873,0.000289676,0.000142851,0.000124295,0.000367183,0.000377501,0.000201563,0.000101122,0.000233823,0.000255671,0.000450352,0.000393121,0.000454676,0.000318592,0.00030618
0.000179828,0.000213608,0.000231864,0.000327297,0.000165264,0.000139599,0.000380504,0.000427445,0.000236137,0.000135739,0.000275262,0.000288671,0.000447949,0.000393058,0.00046313,0.000288772,0.000288834
0.000138509,0.000208087,0.000233774,0.000338367,0.000175447,0.000155592,0.000350208,0.000394956,0.000219587,0.000126551,0.000253697,0.00027818,0.000436218,0.000362436,0.000430944,0.000269757,0.000274059
0.000213089,0.00016936,0.000197334,0.000305531,0.000125064,0.000161693,0.000337036,0.000433328,0.000203955,9.01E-05,0.000233062,0.000226537,0.000427886,0.000353657,0.000431512,0.000267246,0.000293765
0.00014569,0.000202033,0.000198394,0.000339564,0.000162414,0.000184434,0.00038256,0.000416397,0.000243935,0.000111457,0.000259889,0.000245525,0.000411489,0.000347887,0.000395897,0.000254482,0.000286558
0.000243046,0.000253526,0.000204462,0.000404618,0.000216442,0.000201064,0.000444292,0.000477354,0.000285058,0.000151214,0.000299997,0.000281576,0.000397139,0.000336283,0.000365211,0.000228824,0.00027125
0.000178544,0.000205762,0.000140707,0.000367602,0.000159013,0.000186286,0.000403423,0.000395584,0.000220047,0.000137268,0.00024763,0.000229284,0.000391704,0.000331803,0.000347339,0.000231727,0.00029288
0.000145321,0.000162818,0.000100757,0.000335331,0.000114625,0.000175359,0.000373961,0.000431856,0.000179808,0.000119118,0.000215103,0.000187173,0.000388193,0.000317068,0.000338407,0.000210563,0.000277118
0.000191794,0.000216979,0.000152555,0.000389626,0.000173281,0.000181832,0.000400007,0.000456388,0.000247516,0.000145315,0.000267503,0.000233733,0.000393366,0.000323888,0.000342377,0.000242649,0.000284158
0.000159854,0.000255654,0.000185201,0.000431874,0.000222903,0.000163613,0.000429547,0.000423311,0.000290068,0.000160814,0.000314648,0.000288949,0.000395441,0.00030991,0.000348909,0.000250195,0.000277243
0.000159763,0.000216818,0.000155084,0.000388314,0.000181983,0.000138892,0.000401846,0.000445537,0.000254467,0.000139753,0.000284636,0.000266085,0.000394139,0.000316567,0.000353344,0.000227377,0.000263201
0.000113429,0.000198263,0.000135405,0.000371663,0.000171721,0.0001477,0.000393955,0.000399295,0.000231869,0.000131802,0.000261012,0.00025767,0.000393001,0.000318098,0.000344762,0.000223529,0.000267427
0.000209952,0.000214925,0.0001505,0.000386484,0.000184585,0.000158086,0.000413131,0.000445301,0.000262207,0.000142666,0.00028514,0.000271922,0.000391615,0.000314325,0.000350299,0.000236178,0.000264665
0.000200072,0.00019429,0.000139022,0.000367742,0.000170302,0.000144924,0.000397369,0.000405285,0.000241567,0.000130168,0.000265221,0.000249475,0.000387282,0.000295912,0.000336533,0.000215542,0.000253236
0.000153927,0.000174293,0.000125111,0.000349284,0.000149198,0.000150342,0.00038835,0.000415571,0.000213825,0.000115209,0.000246227,0.000222598,0.000383613,0.000286934,0.000330583,0.000216657,0.00026572
0.000235141,0.000211513,0.000143345,0.000375112,0.000180529,0.000172671,0.000405664,0.000425656,0.00023553,0.000137735,0.000269424,0.000249331,0.000385232,0.000302279,0.000330733,0.000208549,0.000260775
0.000194322,0.000268717,0.000169142,0.000420602,0.000234905,0.00016986,0.000455667,0.000397938,0.000279663,0.000182731,0.000322216,0.000312316,0.000387902,0.000299506,0.000332929,0.000205068,0.000272435
0.000413885,0.000307826,0.000193335,0.000447073,0.000265859,0.00016411,0.000495371,0.000528259,0.000323417,0.000214327,0.000363386,0.000344476,0.000388896,0.000294072,0.000336679,0.000186587,0.000258594
0.000193962,0.000336622,0.000217663,0.000468749,0.000298754,0.000192176,0.000526092,0.000382818,0.000361544,0.000220813,0.000386871,0.000351243,0.000394409,0.000306361,0.00034022,0.00018369,0.000261868
0.000398087,0.000337533,0.000215544,0.000457342,0.000301925,0.000209427,0.000549903,0.00053745,0.000376517,0.000204957,0.000403992,0.000347869,0.000398723,0.00030396,0.0003574,0.000175589,0.000250165
0.000203303,0.000337387,0.000220998,0.000428453,0.000310977,0.000199994,0.000502277,0.000380923,0.000366486,0.000192669,0.000395118,0.000356989,0.000414601,0.000319493,0.000367652,0.000168135,0.00024011
0.000249976,0.0003697,0.000267132,0.000436561,0.000338252,0.000201826,0.000513133,0.000414099,0.000398945,0.000191192,0.000434061,0.000388467,0.00041905,0.000361209,0.000389914,0.000205019,0.000255474
0.000401659,0.000348302,0.000266969,0.000392809,0.000308644,0.000205213,0.000534745,0.000499344,0.000372755,0.000169422,0.00039539,0.000362796,0.000433965,0.000383261,0.000408161,0.000196292,0.000251741
0.000206397,0.000275452,0.000214727,0.000337532,0.000249421,0.00018475,0.000562352,0.000374415,0.000305969,0.000129524,0.000337287,0.000312541,0.000433501,0.00040945,0.000423673,0.000207526,0.000248795
0.00028847,0.000265584,0.00022655,0.0003294,0.00023144,0.00018302,0.000469894,0.000399734,0.00030942,0.000130718,0.000333708,0.000291303,0.00043103,0.000423553,0.000427735,0.000194941,0.000238597
0.00031606,0.000354886,0.000304141,0.000431149,0.00033616,0.000211332,0.000532292,0.000404439,0.000372947,0.000191248,0.000406601,0.000375737,0.000433261,0.000392623,0.000409811,0.000193695,0.000231692
0.000745948,0.000406948,0.000349978,0.000490246,0.000368129,0.000225032,0.000679202,0.000676598,0.000438611,0.000249049,0.000474161,0.000406964,0.000433132,0.000392802,0.000432767,0.000192042,0.000225434
0.000273338,0.000387115,0.00033824,0.000491068,0.000357194,0.000231009,0.00065917,0.000408653,0.000422169,0.000274063,0.000430556,0.000355072,0.000428424,0.000361226,0.000406116,0.000298214,0.000311442
0.000229021,0.000372499,0.00030509,0.00049165,0.000339298,0.000233873,0.000634779,0.000408943,0.000405854,0.000266698,0.000423757,0.000329234,0.00043376,0.000365083,0.000421778,0.000291936,0.000296368
0.000265791,0.000357998,0.000258093,0.000435314,0.000315094,0.000221532,0.000513703,0.000427749,0.000369558,0.000231189,0.000393974,0.000330032,0.000472792,0.000464449,0.000458115,0.000264233,0.000279041
0.000242102,0.000315837,0.000223193,0.000365183,0.000283508,0.000204817,0.000418489,0.000447836,0.000346742,0.000156362,0.000374736,0.00032293,0.000476416,0.000359879,0.000487818,0.000240295,0.000263984
0.000147184,0.000261507,0.000216855,0.000298793,0.00023554,0.000214327,0.000381655,0.000380309,0.000339102,0.000100353,0.000330134,0.00029554,0.000470497,0.000374148,0.000496276,0.000231763,0.000269433
0.00017676,0.000280815,0.000243239,0.000363912,0.000291481,0.000235159,0.000486881,0.000416117,0.000366165,0.000118592,0.000350586,0.000370012,0.000462139,0.000370333,0.000488696,0.000236489,0.000262159
0.000291647,0.000305214,0.000252453,0.000416754,0.000300013,0.000248797,0.000537771,0.000507275,0.000386979,0.000159591,0.000401327,0.000419312,0.000447288,0.000373481,0.000479055,0.000225615,0.000258394
0.00031488,0.00026483,0.000183816,0.000409007,0.00027029,0.000255428,0.000495722,0.000484241,0.000307452,0.000161844,0.000351947,0.000399615,0.000411241,0.000315441,0.000390757,0.000211759,0.00024655
0.000311419,0.000230697,0.000119406,0.000398891,0.000219091,0.000261056,0.000445904,0.000456921,0.000270195,0.000156059,0.000304657,0.00034229,0.000403339,0.00030724,0.000371593,0.000233468,0.000251374
0.000203129,0.000250462,0.000112442,0.000429532,0.000220176,0.000249574,0.000459735,0.000381549,0.00029397,0.000184756,0.000306613,0.000317797,0.000405429,0.000326377,0.000369717,0.000270582,0.000264417
0.000309099,0.000275295,0.000130239,0.000444088,0.000233115,0.000205527,0.000503309,0.000505974,0.000317496,0.000205963,0.000330122,0.000319888,0.000412734,0.000316614,0.000375408,0.000389819,0.000348169
0.000202237,0.000269247,0.000145494,0.000409878,0.000230934,0.000172461,0.000492935,0.000413371,0.000312432,0.000179337,0.000318623,0.000305777,0.000422616,0.000358661,0.000387306,0.000352819,0.000324212
0.000184238,0.000233313,0.00014015,0.000360667,0.000204182,0.000165225,0.000429389,0.00042591,0.000290274,0.000124445,0.000289979,0.000273627,0.000425981,0.000338316,0.000408121,0.000377289,0.000324966
0.000159341,0.000195466,0.000121487,0.000325325,0.000175609,0.000151693,0.000360674,0.000429725,0.000257311,9.68E-05,0.000262105,0.000269011,0.000430371,0.000347488,0.000418544,0.000346525,0.000309278
0.000115135,0.000210533,0.000135284,0.000358705,0.00019769,0.000141846,0.000412039,0.000387972,0.000276018,0.000122888,0.00029576,0.000318361,0.000423747,0.000370675,0.000415269,0.000330916,0.000293067
0.000136681,0.000230384,0.000156283,0.000390571,0.000214447,0.000167083,0.000456219,0.000444488,0.000302797,0.000145063,0.000314078,0.00033165,0.00041378,0.000346936,0.000395279,0.000311437,0.000284629
0.000208418,0.000190549,0.000127617,0.000365154,0.000183688,0.000191089,0.000420828,0.00044126,0.00027273,0.000119672,0.000273347,0.000281107,0.000404277,0.000341424,0.000372803,0.000281038,0.000269607
0.000243759,0.000153556,0.000105666,0.000328651,0.000144952,0.000187451,0.000393714,0.000444068,0.000253158,0.000101528,0.000244912,0.000227764,0.000395267,0.000330125,0.000362507,0.000327889,0.000289884
0.000147195,0.000194261,0.000135616,0.000365302,0.000186715,0.000182081,0.000436253,0.000391277,0.000274978,0.000136166,0.000268923,0.000252028,0.000383238,0.000284567,0.00033165,0.000308226,0.000285655
0.000150872,0.00023445,0.000155218,0.000396485,0.000214018,0.000178951,0.00045072,0.000416572,0.00028945,0.000162277,0.000294806,0.000276715,0.000382936,0.000282802,0.000324808,0.000342207,0.000295294
0.000184143,0.00020257,0.000117308,0.000355278,0.000179981,0.000164309,0.000393375,0.000429579,0.000252273,0.000143484,0.00026922,0.000250842,0.000389851,0.000319547,0.000330473,0.000313007,0.000278978
0.000240604,0.000205861,0.000126039,0.00035403,0.000196262,0.000157164,0.000390642,0.000452316,0.000278096,0.000144978,0.000288961,0.000262596,0.000391972,0.000331213,0.000338667,0.000287005,0.000265906
0.000227528,0.000289314,0.000212557,0.00043113,0.000289418,0.000168605,0.000470832,0.000471105,0.000381013,0.000187322,0.00037044,0.000336411,0.000393154,0.000335665,0.000343833,0.000263641,0.000256813
0.000231017,0.000312311,0.000249742,0.000442877,0.000310988,0.000170851,0.000505338,0.000461405,0.000405707,0.000191539,0.000395416,0.00035791,0.000393159,0.000334871,0.000347767,0.000255255,0.000246963
0.000194453,0.000219241,0.00018748,0.000331821,0.00021747,0.000156217,0.000418909,0.000465676,0.00030815,0.000129516,0.000311101,0.000281522,0.000394867,0.000331295,0.000346132,0.000281062,0.000255265
5.31E-05,0.000143641,0.000126963,0.000243596,0.000150748,0.000145291,0.000349741,0.000355705,0.00022688,7.32E-05,0.000233782,0.00022168,0.000397927,0.000309509,0.00034474,0.000305388,0.000261746
0.000127335,0.000151298,0.000122097,0.000241838,0.000154572,0.000139445,0.00036126,0.000354387,0.000230818,6.45E-05,0.000229825,0.000225643,0.000404563,0.000317197,0.000358071,0.000290655,0.000250847
0.000114705,0.000185031,0.000133917,0.000277723,0.000181075,0.000136125,0.000407421,0.000357546,0.000262878,8.30E-05,0.000261716,0.000255091,0.000406777,0.000321647,0.000368965,0.000272773,0.000247365
0.000242431,0.000240774,0.000164502,0.000343057,0.000235191,0.000154699,0.000470264,0.000432968,0.000329198,0.000130933,0.000328944,0.000307311,0.000396689,0.000302584,0.000362191,0.000255405,0.000242531
0.000297943,0.000340735,0.000225039,0.000451734,0.000343713,0.000189984,0.000555883,0.000444926,0.000427372,0.00020875,0.000415902,0.000390601,0.000385662,0.000301322,0.000335471,0.000259151,0.000272325
0.000556162,0.000408434,0.00025721,0.000523873,0.000402111,0.000206633,0.000649075,0.000573883,0.000488779,0.000259928,0.00047833,0.000431307,0.000376791,0.000291085,0.000318077,0.000284664,0.000276692
0.000414438,0.000384107,0.000235131,0.000492865,0.000362145,0.000208124,0.000646493,0.000514276,0.000461713,0.000250466,0.000443601,0.00037147,0.000377294,0.000295027,0.00030609,0.00033582,0.000297825
0.000250336,0.000324435,0.000187871,0.000433897,0.000305861,0.000206952,0.000581975,0.000417492,0.000401363,0.000207117,0.000385503,0.000298161,0.000390962,0.000302034,0.00031707,0.000338956,0.000290108
0.000225544,0.000293119,0.000151999,0.000388517,0.000274206,0.00018673,0.000496725,0.000413981,0.000358933,0.00018453,0.000347571,0.000278534,0.000430851,0.000391059,0.000372427,0.000528443,0.000454512
0.000193147,0.000309757,0.000158807,0.000398096,0.00029053,0.00014953,0.000487802,0.000369386,0.000368998,0.000191613,0.000368657,0.000320538,0.000459496,0.000411344,0.00043518,0.000550206,0.000440349
0.00021632,0.000335433,0.000207982,0.000423043,0.000310142,0.000133618,0.000496587,0.000433436,0.00041799,0.00019961,0.000404949,0.000358779,0.000464775,0.000409006,0.000474952,0.000514004,0.00043214
0.000220243,0.000320747,0.000239273,0.000435256,0.000320218,0.000141168,0.000496174,0.000447258,0.000429517,0.000179846,0.000402491,0.000369707,0.000457326,0.000399304,0.000474807,0.000488371,0.000424271
0.000170698,0.000237493,0.000212918,0.000373216,0.000245497,0.000148077,0.000435061,0.00041706,0.000366562,0.000129067,0.000338581,0.000307232,0.000442352,0.000373764,0.000460975,0.000457724,0.000392277
0.000181562,0.000157033,0.000178528,0.000298722,0.000171148,0.000163655,0.000361086,0.000410995,0.000265743,9.10E-05,0.000252982,0.000235746,0.000417394,0.000335093,0.000402652,0.000467875,0.00048388
0.00016477,0.000158076,0.000193409,0.00030166,0.000167524,0.000193867,0.000367357,0.000388268,0.000240777,9.74E-05,0.000245771,0.00023271,0.000406099,0.000316917,0.000370389,0.000424155,0.000441539
0.00013659,0.00016789,0.000179569,0.000308083,0.000169511,0.000204498,0.000377458,0.000376808,0.000236874,9.70E-05,0.000248405,0.000239099,0.000401464,0.000312082,0.000362547,0.000375006,0.000404846
0.000142311,0.00011619,8.36E-05,0.000253834,0.000117931,0.000174399,0.000327962,0.000410703,0.000168635,5.39E-05,0.000187187,0.000193793,0.000398366,0.000325905,0.000354005,0.000375895,0.000383359
7.85E-05,9.10E-05,2.06E-05,0.000226041,8.19E-05,0.000145799,0.000307878,0.000388328,0.00014153,3.11E-05,0.000160091,0.000167326,0.000395276,0.000339147,0.000350922,0.000343824,0.000356435
0.000118104,0.000160711,7.23E-05,0.000298427,0.000144342,0.000145279,0.000366957,0.000425735,0.000230145,8.47E-05,0.000227517,0.000224891,0.000389211,0.000326753,0.00034073,0.000341731,0.000378567
0.000139352,0.00022014,0.000141316,0.000370693,0.000211261,0.000148716,0.000405086,0.000437778,0.000310009,0.000140078,0.000285486,0.000276516,0.000384157,0.000316572,0.000327201,0.000319802,0.000357918
0.000150039,0.000190336,0.000131462,0.00034536,0.000181858,0.000145595,0.000373985,0.000423441,0.000291139,0.000127854,0.000264495,0.000239439,0.000377631,0.000288134,0.000318614,0.00029401,0.000333595
0.000130674,0.000169641,0.000104412,0.000314667,0.000157794,0.000153594,0.000362117,0.000408869,0.000264744,0.000102621,0.00023754,0.000205089,0.000371778,0.000272747,0.000303632,0.000272998,0.000314941
0.000207821,0.000209852,0.000113578,0.000351638,0.000198029,0.000153143,0.000416374,0.000445241,0.000297679,0.000112155,0.000273459,0.00023878,0.000370112,0.000272511,0.000296941,0.000277844,0.000303699
0.000146231,0.000201369,8.91E-05,0.00034701,0.000187731,0.0001196,0.000419026,0.000366593,0.00028556,0.000112449,0.000268652,0.000239967,0.000371476,0.000269106,0.000297787,0.000269778,0.000301095
0.000156149,0.000130892,2.15E-05,0.000282339,0.000117464,8.76E-05,0.000354461,0.000381159,0.000204736,8.60E-05,0.000201653,0.00018715,0.000373261,0.000266337,0.000297768,0.000292034,0.000300135
0.000157817,0.000127903,2.50E-05,0.000278614,0.000113122,9.11E-05,0.000342086,0.000373843,0.000193345,8.98E-05,0.000194874,0.000196302,0.000380859,0.000273907,0.000310917,0.00026257,0.000282247
0.000169991,0.000199574,0.000104391,0.000354589,0.000190675,0.000101452,0.000413142,0.000396367,0.00026772,0.000126888,0.000276451,0.000288313,0.000383976,0.000289427,0.000322106,0.000246796,0.000276204
0.000178887,0.000215045,0.000132009,0.000371848,0.000210336,9.95E-05,0.000411532,0.000418722,0.000285489,0.000124747,0.000298947,0.000321263,0.000384789,0.000295589,0.000323793,0.000239449,0.000264467
6.48E-05,0.00016634,7.56E-05,0.00032022,0.000159256,0.000105414,0.000354104,0.00038048,0.000232002,8.85E-05,0.000246158,0.000277672,0.00038553,0.000297238,0.000324679,0.000246126,0.000296988
0.000149005,0.000164306,5.03E-05,0.000308239,0.000146126,0.00011565,0.000339915,0.000408995,0.000231943,9.83E-05,0.000235344,0.000265873,0.000386024,0.000298645,0.000329545,0.000233807,0.000280924
0.000170702,0.000224341,9.38E-05,0.000368348,0.000207359,0.000113772,0.000394859,0.000428968,0.000293336,0.000145123,0.0002883,0.000311903,0.000385825,0.000288165,0.000323162,0.000216512,0.000266693
0.000202144,0.000236276,0.000114051,0.00038067,0.000208946,0.000115289,0.000424253,0.000431059,0.000305877,0.000144707,0.000302982,0.000299435,0.000380946,0.000269001,0.000321359,0.00019977,0.000254464
0.000177985,0.000178348,7.43E-05,0.000317723,0.000144182,0.000129809,0.000369175,0.000399659,0.000226681,9.09E-05,0.000225784,0.000217205,0.000377847,0.000278734,0.00031089,0.000208288,0.000249853
0.000212855,0.00017787,9.37E-05,0.000317516,0.000144063,0.000133526,0.000372908,0.000421301,0.000204628,9.05E-05,0.000224133,0.000221018,0.000378087,0.000289817,0.000310511,0.00024373,0.000263591
0.000173263,0.000273364,0.000202855,0.000403244,0.000237022,0.000129732,0.000454644,0.00042432,0.000294111,0.000166603,0.000321622,0.000325028,0.000381647,0.000314343,0.000312367,0.000240746,0.000254117
0.000314405,0.000315387,0.000248607,0.000434292,0.000280309,0.000135386,0.000486745,0.000508764,0.000331564,0.000192903,0.000356453,0.000363651,0.000385557,0.0002995,0.000314685,0.000225931,0.000245174
0.000152213,0.000216002,0.000159004,0.000317702,0.000176075,0.000140955,0.000375131,0.000407681,0.000239176,0.000108248,0.000261891,0.000261557,0.000394052,0.000317295,0.000335182,0.000206588,0.000235291
0.000130285,0.000144734,0.000106175,0.00023662,0.000114729,0.000140773,0.000319758,0.000372772,0.000184876,3.53E-05,0.00020758,0.000203708,0.000395811,0.000317416,0.000343352,0.000218587,0.000233985
0.00016262,0.000204726,0.000173433,0.0002857,0.000177444,0.000146312,0.000379529,0.00039858,0.000244925,5.33E-05,0.000258346,0.000263568,0.000405088,0.000291079,0.000351996,0.00025932,0.000253237
0.000218002,0.000222445,0.00020613,0.000303366,0.00018026,0.000138559,0.000412886,0.000420463,0.000248294,7.17E-05,0.000265926,0.000274228,0.000404394,0.00039205,0.000361109,0.000292303,0.000264174
0.000178964,0.00013625,0.0001517,0.000234062,8.17E-05,0.000118273,0.000340378,0.000388542,0.000152635,5.84E-05,0.000168553,0.000179052,0.000399197,0.000390511,0.000355516,0.000294355,0.000296503
0.000216084,0.000159113,0.000171934,0.000292311,0.000116854,0.000129075,0.000369938,0.000384026,0.00017316,0.000104456,0.000201851,0.000203306,0.000394308,0.000378595,0.000343733,0.000305279,0.000290773
0.000245206,0.000309647,0.000268395,0.000438222,0.000260632,0.000168338,0.000479024,0.000431899,0.000329084,0.000184817,0.000355697,0.000326534,0.000393514,0.000386423,0.000345282,0.000409336,0.000356473
0.00033384,0.000359169,0.000261812,0.000461959,0.000306181,0.000183664,0.000499796,0.000459391,0.000358042,0.00018279,0.000390755,0.000358272,0.000389044,0.000287976,0.000327249,0.000384739,0.000333953
0.000253013,0.00032293,0.000211177,0.000393663,0.000259719,0.000189186,0.000456791,0.000401792,0.000316286,0.000143865,0.000354972,0.000328442,0.000394345,0.000310757,0.000333807,0.000391461,0.000323237
0.000411571,0.000371138,0.000251357,0.000427695,0.000307753,0.000213352,0.00050609,0.000490179,0.000377932,0.000171418,0.000396615,0.000378309,0.00040198,0.000318214,0.00034965,0.000347984,0.000301987
0.000251431,0.000381084,0.000252773,0.000447595,0.000311791,0.000210465,0.000520467,0.000427462,0.000382849,0.000187304,0.000393959,0.000382582,0.000414416,0.000352176,0.000368569,0.000324494,0.000292258
0.000272992,0.000261405,0.000126701,0.000356671,0.000179507,0.000178968,0.000449788,0.00036985,0.000245447,0.000125559,0.000284758,0.000268945,0.000420237,0.000339961,0.000383032,0.000406064,0.000339633
0.000275443,0.000287278,0.000125107,0.000404679,0.000199038,0.000206706,0.000499434,0.000338346,0.00026236,0.000151176,0.00030509,0.000282076,0.000436097,0.000324787,0.000404646,0.000396735,0.00032207
0.00050691,0.000535104,0.000312612,0.000667753,0.000447018,0.000267202,0.00073955,0.000475398,0.00052263,0.000313291,0.00055331,0.000506073,0.000439693,0.000410987,0.000427746,0.000394686,0.00031055
0.000954466,0.000658725,0.000424513,0.000778425,0.000559857,0.000267352,0.000825585,0.000769636,0.000649364,0.000403581,0.000661789,0.000601104,0.000438831,0.000405809,0.000430122,0.000427256,0.000461069
0.000545873,0.00054054,0.000343439,0.000656684,0.000437715,0.000250641,0.000723411,0.000525088,0.000511155,0.000332447,0.000540779,0.000478669,0.000434406,0.00039834,0.000420378,0.000490449,0.000473361
0.000330405,0.000395706,0.000255958,0.000507635,0.00028126,0.000273922,0.000566187,0.000444773,0.000354844,0.000229044,0.000400906,0.000333382,0.000450222,0.000474964,0.000437765,0.000659048,0.000572674
0.000294978,0.000300775,0.000185612,0.000426951,0.000202928,0.000256748,0.000437271,0.000374011,0.000218583,0.000157764,0.000297267,0.000275679,0.000507773,0.000501246,0.000480508,0.000596609,0.000518866
0.000177655,0.000231374,0.000142915,0.00035626,0.000110281,0.00019333,0.00036797,0.0003427,0.00015658,0.000113156,0.00026282,0.000232184,0.000541967,0.000485141,0.000573438,0.000601131,0.000490868
0.000204235,0.000291812,0.000211036,0.000398548,0.000154256,0.000193097,0.000361558,0.000406516,0.000243299,0.000148583,0.000286834,0.000263489,0.00054043,0.000475322,0.000606214,0.00058942,0.000548044
0.000226717,0.000448748,0.000379373,0.000579611,0.000328563,0.000241116,0.000511147,0.000454107,0.000431941,0.00024168,0.00042299,0.000402682,0.000525363,0.000453837,0.000613287,0.000534193,0.000500794
0.000602227,0.00042643,0.000411176,0.000578034,0.000304276,0.000259993,0.000542286,0.00065184,0.000450472,0.000241907,0.000426933,0.000379626,0.000488288,0.000419359,0.000571641,0.000486155,0.000465838
0.00022252,0.000254807,0.000290913,0.000422667,0.00015443,0.000303207,0.000403409,0.000406913,0.000251823,0.00014351,0.000251005,0.000200041,0.000435132,0.000348625,0.000445408,0.000490981,0.000528135
0.000273331,0.000209384,0.000247349,0.000384219,0.000104118,0.000386628,0.000366115,0.00037471,0.000160917,0.00010577,0.000206844,0.000134026,0.000413512,0.000338498,0.000390497,0.000501472,0.000497972
0.000380093,0.000296326,0.000301822,0.000463902,0.000182068,0.000395884,0.000436879,0.000485542,0.000193814,0.000166506,0.000281984,0.000241681,0.000436211,0.000275116,0.000395267,0.000646985,0.000576811
0.000342717,0.00034861,0.000308569,0.000500685,0.00021967,0.000326949,0.000543762,0.000504957,0.000239932,0.00021492,0.000364637,0.000333364,0.000440915,0.000551991,0.000424162,0.000589988,0.000532744
0.00035337,0.000305595,0.000225629,0.000421603,0.00015571,0.000284398,0.00046823,0.00050293,0.000213611,0.000172098,0.000288883,0.000273123,0.000445311,0.00056672,0.000434586,0.000624279,0.000521751
0.00027613,0.000246898,0.00015382,0.000369877,0.000116988,0.000256216,0.000381602,0.000459872,0.000173668,0.000111422,0.000229418,0.000239285,0.000452789,0.00059544,0.000452332,0.000687606,0.000527771
0.000176819,0.000242595,0.000193698,0.000362381,0.000112519,0.000218785,0.000344259,0.000406612,0.000214319,0.000112537,0.000287466,0.000284491,0.000455052,0.000609873,0.000475552,0.000662524,0.000490787
0.000206753,0.000290242,0.000270651,0.000398011,0.000183943,0.000231655,0.000374421,0.000424969,0.00024295,0.000141212,0.000322323,0.00036013,0.000446897,0.000389697,0.000433797,0.000676269,0.000475011
0.000213347,0.000287883,0.000271029,0.000375991,0.000160142,0.000265636,0.000391939,0.000393467,0.000216558,0.00012378,0.0003005,0.000341465,0.000448866,0.000365522,0.000450907,0.000624166,0.000449695
0.000379996,0.000248754,0.000235754,0.000329773,0.000106442,0.000246753,0.00037826,0.000459194,0.000176176,9.88E-05,0.000265107,0.000296119,0.000437906,0.00034393,0.000445477,0.000597358,0.000472957
0.000368536,0.000333929,0.000274211,0.000426608,0.000194067,0.000237086,0.000473226,0.000445115,0.000266638,0.000160798,0.000347836,0.000356401,0.000423715,0.000329533,0.000413492,0.000574442,0.000503878
0.000577693,0.000439689,0.00027588,0.000538078,0.000273623,0.000274796,0.000568538,0.000465145,0.000347498,0.000232304,0.000429702,0.000393848,0.000412697,0.000327893,0.000391368,0.000615076,0.000495039
0.000183206,0.00042101,0.000162581,0.000516867,0.000230613,0.000291611,0.000524437,0.000266535,0.000273375,0.000248111,0.000379892,0.000334685,0.000416566,0.000361505,0.000377759,0.000650616,0.000487585
0.00063827,0.000521034,0.000240866,0.000615406,0.000326432,0.000307901,0.000615924,0.000544915,0.000363427,0.000338698,0.000494887,0.000431589,0.000429497,0.000368231,0.000394328,0.00061031,0.000484114
0.001103956,0.000811327,0.00054671,0.000884536,0.000617412,0.000378342,0.000847956,0.000787257,0.000685722,0.000505657,0.000771628,0.000664609,0.000463861,0.000407144,0.000438255,0.000726456,0.00054472
0.000492952,0.000817667,0.000597532,0.000886047,0.00062197,0.000391608,0.00086972,0.000456822,0.000724313,0.000471236,0.000785392,0.000626077,0.000463168,0.000399688,0.000476517,0.000650365,0.000495123
0.000508051,0.000485534,0.000320148,0.000541637,0.000295539,0.000324683,0.000533886,0.000463744,0.000369274,0.000250611,0.000459754,0.000325484,0.000488128,0.00047467,0.000497728,0.000937142,0.000731983
0.000442777,0.000428014,0.000258779,0.000494107,0.000262213,0.000321984,0.000505023,0.000398246,0.000263831,0.000207739,0.000415097,0.00033546,0.000554128,0.000595239,0.000567123,0.000914061,0.000677074
0.000658121,0.000635545,0.000472454,0.000691436,0.000437753,0.000367607,0.00074869,0.000555833,0.000509575,0.000341779,0.000637409,0.000521374,0.000572505,0.000651464,0.000653086,0.00079188,0.000607827
0.000642301,0.000556545,0.000479527,0.000654679,0.000378218,0.000324912,0.000678885,0.000571192,0.000421586,0.000321096,0.000512684,0.000430772,0.000567554,0.00063928,0.000640323,0.000802624,0.000579601
0.000426616,0.00032114,0.000373886,0.000495253,0.000151769,0.000287175,0.000523546,0.00041577,0.000198305,0.000213222,0.000341136,0.000242416,0.000568418,0.000639261,0.000690126,0.000720511,0.000530217
0.000418157,0.000335429,0.000444052,0.000517583,0.000166311,0.000342505,0.000460923,0.00047321,0.000205236,0.000241681,0.000369528,0.000262941,0.000556719,0.000629153,0.000671035,0.000875353,0.000619233
0.000322788,0.000397669,0.000500394,0.000576089,0.00023993,0.000354419,0.000446894,0.000501795,0.000215715,0.000266256,0.000388363,0.00031449,0.00054135,0.000486111,0.000597655,0.000803596,0.000578861
0.000211114,0.000269563,0.000383879,0.000415264,6.48E-05,0.000317638,0.000337824,0.000300939,0.000108714,0.00016956,0.000274925,0.000157664,0.000537074,0.000462131,0.000610126,0.00075365,0.000583062
0.000454709,0.000289372,0.000350005,0.000394951,9.24E-05,0.00038602,0.000343969,0.000572614,0.00014794,0.000152028,0.000273992,0.000158863,0.000525708,0.000408693,0.000595862,0.000732428,0.00054621
0.000289912,0.000499975,0.000453821,0.000593496,0.000334329,0.000467448,0.000529657,0.000531633,0.000365117,0.000256807,0.000489358,0.000383249,0.000506636,0.000515023,0.000586441,0.000672267,0.000512921
0.00020707,0.000485078,0.000399268,0.000580381,0.000326446,0.000420903,0.000531468,0.000420885,0.000317845,0.000243363,0.000505513,0.000417293,0.000471818,0.000468853,0.000524767,0.000608111,0.000472135
0.000327336,0.00033266,0.000258665,0.000419758,0.000156581,0.000399866,0.000374036,0.000517363,0.000127586,0.000143652,0.000361836,0.000288328,0.000457136,0.000444334,0.000467868,0.000600972,0.000446613
0.000243859,0.000388011,0.000330666,0.000455359,0.000200514,0.000472034,0.000406644,0.000375082,0.00021558,0.000155685,0.000422963,0.000320019,0.000450482,0.000459152,0.000462901,0.000587414,0.000476823
0.000393194,0.000533254,0.0004693,0.000594432,0.000358043,0.000466295,0.00053765,0.000488189,0.000394298,0.000250217,0.000542824,0.000434108,0.000437908,0.000366913,0.000436761,0.000513998,0.000435312
0.000828731,0.000622006,0.00051776,0.000695997,0.000442047,0.000416683,0.000646701,0.000718762,0.000453209,0.000329014,0.000607029,0.000475489,0.000436577,0.000375596,0.000424612,0.000493017,0.000406353
0.000503152,0.000729735,0.000525159,0.000801969,0.000498597,0.00047056,0.000786936,0.000503702,0.000524164,0.00042687,0.000709756,0.000483167,0.000434697,0.00037677,0.000438957,0.000456373,0.000383782
0.000642109,0.000805932,0.000542986,0.000901606,0.000575826,0.000507941,0.000879867,0.000502004,0.000564754,0.000527221,0.000752034,0.000489142,0.000434043,0.000345694,0.000413106,0.000528206,0.000415393
0.001322059,0.000798318,0.000584756,0.000926252,0.000585847,0.000452353,0.000910087,0.000809869,0.000549769,0.000555675,0.000762117,0.000445571,0.000484045,0.000464678,0.000455974,0.000673898,0.000503827
0.000516486,0.000819465,0.000688144,0.000913695,0.000578629,0.00045958,0.00095068,0.000358525,0.000606127,0.000555761,0.000814393,0.000404534,0.000514503,0.000445376,0.000539764,0.000620479,0.00048298
0.000940075,0.000881586,0.000765649,0.000916599,0.000631483,0.000530506,0.000931439,0.000720835,0.00064566,0.000567975,0.000815479,0.000435078,0.000541095,0.000505234,0.000577063,0.00057897,0.000444538
0.000516053,0.000863174,0.000724047,0.000903481,0.000651848,0.000526565,0.00087255,0.000409975,0.000566583,0.000543388,0.000804203,0.000525868,0.000623057,0.000626563,0.000682661,0.000578458,0.00051766
0.000490627,0.000812104,0.000667443,0.000843703,0.000615731,0.000536512,0.000838029,0.000394718,0.000603099,0.00050036,0.000871159,0.000584308,0.000632514,0.000720633,0.000789897,0.000511543,0.000471165
0.00119697,0.000845603,0.000652098,0.000850715,0.000663339,0.000635193,0.000814743,0.000790903,0.000659281,0.0004803,0.000831646,0.000604479,0.000640757,0.000721986,0.000763359,0.000515125,0.000552459
0.000699984,0.000815655,0.000622954,0.00090189,0.000656852,0.000665015,0.000961883,0.000572598,0.000659084,0.000464621,0.00083331,0.000623555,0.000638364,0.000816739,0.000809965,0.000475102,0.000507797
0.000463001,0.000681575,0.000590717,0.000817122,0.000509762,0.0006197,0.000880411,0.000437747,0.000559027,0.000457879,0.000765315,0.000549271,0.000606826,0.000807018,0.000787685,0.000487103,0.00058507
0.000379273,0.000640992,0.000582319,0.000802942,0.000491899,0.000632794,0.000786957,0.000508647,0.000384468,0.000449309,0.00063496,0.000529746,0.000612912,0.000751198,0.000692652,0.000697693,0.000732002
0.000851857,0.000521952,0.000520727,0.000659038,0.000308335,0.00061199,0.000734139,0.000619336,0.000271528,0.000367538,0.000535683,0.000389217,0.000628926,0.000789627,0.000776479,0.000656891,0.000662348
0.000508351,0.000384514,0.000456039,0.000506125,0.000165513,0.000508237,0.000533645,0.000516444,0.000164761,0.00030167,0.000376069,0.000255854,0.000598501,0.000600184,0.000723141,0.00063535,0.000673613
0.000340303,0.000537132,0.000612342,0.000683481,0.000366386,0.000510531,0.000556526,0.000553711,0.00036423,0.000352989,0.000541144,0.000410799,0.00057978,0.00058858,0.000709112,0.000571775,0.000605814
0.000386527,0.000656915,0.000693118,0.000739567,0.000479621,0.000582357,0.000496993,0.000586588,0.000488382,0.000349963,0.000679198,0.000525645,0.000583891,0.000622117,0.000718402,0.000889595,0.000872406
0.000390073,0.000416697,0.000409024,0.00044761,0.000263679,0.000523304,0.000294944,0.000541111,0.000180239,0.000190839,0.000463964,0.000396946,0.00055038,0.000612472,0.000642292,0.000858402,0.000793652
0.000281481,0.00021729,0.00022384,0.0002465,5.94E-05,0.000446388,0.000190222,0.000541441,-2.72E-05,0.000116595,0.000270051,0.000295913,0.000526886,0.000556341,0.000601152,0.000780643,0.000712383
0.000412724,0.000316254,0.000288117,0.000383396,0.000130424,0.000476392,0.000276719,0.000436478,9.03E-05,0.000164577,0.000341753,0.000378017,0.000514168,0.000528678,0.000583775,0.000681662,0.000638976
0.000300982,0.000285349,0.000251961,0.000350957,4.00E-05,0.000466523,0.000223769,0.000482595,0.000133007,0.000107264,0.000292025,0.000256913,0.000501912,0.000523008,0.000584948,0.000716591,0.000615029
0.00031267,0.000293671,0.000257237,0.000343754,7.59E-05,0.000453288,0.000255618,0.000403979,0.000205044,0.0001244,0.000244486,0.000187626,0.00046542,0.000404924,0.000502827,0.0006527,0.000569216
0.000265935,0.000904494,0.000764363,0.000911465,0.000699123,0.000634009,0.000878056,0.000327031,0.000805382,0.000498366,0.00075201,0.000626457,0.00046066,0.000404875,0.000473304,0.000617239,0.000554574
0.002849771,0.001393153,0.001180108,0.001453558,0.001219394,0.000819204,0.001528962,0.001847049,0.001275072,0.000845776,0.001255638,0.001021409,0.000457105,0.000398604,0.00047867,0.00056539,0.000504991
0.000330755,0.001001883,0.000875204,0.001171493,0.000878496,0.000773487,0.001401251,0.000437427,0.000850304,0.000678592,0.001008904,0.000706284,0.000451449,0.000388727,0.000465318,0.000553756,0.000472137
0.00031569,0.000416616,0.0003601,0.00065017,0.000367371,0.000642539,0.000901739,0.000298532,0.000222426,0.000353054,0.000470817,0.000280307,0.000443237,0.000353292,0.000449656,0.000522641,0.00046134
0.000522969,0.000404665,0.000308476,0.000581636,0.000290933,0.000557821,0.000531551,0.000502563,9.21E-05,0.00033009,0.000347042,0.000376011,0.000657773,0.000164935,0.000598223,0.000804085,0.000696502
0.000310857,0.000624056,0.000456181,0.000615804,0.00041114,0.000384492,0.000602959,0.000340355,0.000372082,0.000349119,0.000712717,0.000546588,0.000688935,0.001736172,0.000854782,0.000748454,0.000633158
0.000492906,0.000386826,0.000460841,0.000353255,0.000188656,0.000246476,0.000280547,0.000502213,0.000405001,0.000214216,0.0004223,0.000326704,0.000672469,0.001758585,0.000858223,0.000701405,0.000615942
0.000226317,0.000555255,0.000560616,0.000603092,0.000503057,0.000330024,0.000555647,0.0004566,0.000530254,0.000235732,0.000515154,0.000564339,0.000676979,0.001757628,0.000869166,0.000660381,0.000592285
0.000663777,0.000687674,0.000641162,0.000748487,0.000604378,0.000445169,0.000776616,0.000722881,0.000730829,0.000371326,0.00084851,0.000757436,0.000617984,0.001864008,0.000898712,0.000679741,0.000567565
0.000418692,0.000490855,0.000405904,0.000599656,0.000427073,0.000463932,0.000650442,0.000441203,0.000334289,0.000310041,0.000524648,0.000600965,0.000477333,0.000520522,0.000491492,0.000659642,0.000611416
0.000263037,0.000222707,0.000222922,0.000394185,7.60E-05,0.00052047,0.000438993,0.000264565,0.000115423,0.000148252,0.000293585,0.00024388,0.000468686,0.000635601,0.0005022,0.000588581,0.000553066
0.000292882,0.0003124,0.000317082,0.000419426,0.000124294,0.000580088,0.000301645,0.000330695,0.000241047,0.000199633,0.000305753,0.000215824,0.000489242,0.000698324,0.000512573,0.00052943,0.000502458
0.000339971,0.000571647,0.000512662,0.000668232,0.000427561,0.000482894,0.000495226,0.000711207,0.000493073,0.000360977,0.000545559,0.000452094,0.000492348,0.000604972,0.000520451,0.000474372,0.000458608
0.000379087,0.000601282,0.000518852,0.000677232,0.000435588,0.000382964,0.000538865,0.000521462,0.000527081,0.000371641,0.000615272,0.000470647,0.000482879,0.000586099,0.00052848,0.00056021,0.000483031
0.000256634,0.000506964,0.000368514,0.000581481,0.000361636,0.00040568,0.000464323,0.000546342,0.000420158,0.00027061,0.000499094,0.000371706,0.000468416,0.000470063,0.00049208,0.000677967,0.000550267
0.000337666,0.000451085,0.00033985,0.000537967,0.000310807,0.000407195,0.000462807,0.000505894,0.00042131,0.000243196,0.00047169,0.000335675,0.000465128,0.00047202,0.000505534,0.000615975,0.00050088
0.000344639,0.000444902,0.000447661,0.000559183,0.000332282,0.000340216,0.000574461,0.00053333,0.000446871,0.000286971,0.000484181,0.000382666,0.00044921,0.000450895,0.000453784,0.000551745,0.000457202
0.000416624,0.0003974,0.000519606,0.000531817,0.000276027,0.000345926,0.000622433,0.000609517,0.000397271,0.000272661,0.000431326,0.000322923,0.000442752,0.000408672,0.000439807,0.000499075,0.000422769
0.000205213,0.000158094,0.000339653,0.000309771,4.07E-05,0.000360868,0.000409765,0.000446987,0.000134165,0.000106635,0.000180078,7.17E-05,0.000445513,0.000436995,0.000443282,0.000568114,0.000443344
0.000233139,-5.60E-05,0.000119281,0.000132626,-0.000138749,0.000265575,0.000255533,0.000315287,-7.81E-05,-1.45E-05,8.65E-06,-6.57E-05,0.000447804,0.000435098,0.00045091,0.000555496,0.000496788
0.00029035,0.000104595,0.000156105,0.000296132,2.40E-05,0.000207904,0.000446781,0.000320582,8.79E-05,0.00010922,0.0001852,0.000136733,0.000454561,0.000445974,0.0004558,0.000495161,0.000453415
0.000425744,0.000375099,0.000250652,0.000562428,0.000272957,0.000243969,0.00069995,0.000619228,0.000340778,0.000295438,0.000421795,0.000394326,0.000445883,0.000455175,0.00044971,0.000460494,0.000417507
0.000451661,0.000319031,0.000134035,0.000517362,0.000213597,0.000228622,0.000617584,0.000564281,0.000292303,0.000286657,0.000367357,0.000369853,0.000438858,0.000448762,0.000442468,0.000429897,0.000403655
0.000285245,0.000203215,5.89E-05,0.000428748,0.000129614,0.000191078,0.000483718,0.000440329,0.000226797,0.000229806,0.000302659,0.000313746,0.000432537,0.00044366,0.000428474,0.00040405,0.000389505
0.000110943,0.00029599,0.000193745,0.000501258,0.000219456,0.000221454,0.000489307,0.000492395,0.00036826,0.000246892,0.000386316,0.000364486,0.000438271,0.000464728,0.000427435,0.000516149,0.000450718
0.000287168,0.000270551,0.000205903,0.00045204,0.000189559,0.000202507,0.000410152,0.000340818,0.000342625,0.000196233,0.000317998,0.000274328,0.000451842,0.000428889,0.000430711,0.000470695,0.000414229
0.000254526,9.24E-05,7.51E-05,0.000264772,1.63E-05,0.000119779,0.000261679,0.000530461,0.000180487,0.000102318,0.000156295,0.00010323,0.000458419,0.000380769,0.000457455,0.000432698,0.000383239
0.000190601,0.000203602,0.000131717,0.000367667,0.000150514,0.000129012,0.000389145,0.00047847,0.000284961,0.000193159,0.000276119,0.000231791,0.000445646,0.00035959,0.000455596,0.000384771,0.000354813
0.000293679,0.000450318,0.000271223,0.000599055,0.000396443,0.000175574,0.000590625,0.00040868,0.000465819,0.000327782,0.000484195,0.000460943,0.000436388,0.000375413,0.00043606,0.000396713,0.000343241
0.000356949,0.000345764,0.000180047,0.000491329,0.000271983,0.000134375,0.000506258,0.000499752,0.000319361,0.000242362,0.000396033,0.000379004,0.000423325,0.000363448,0.000410932,0.000352567,0.000320054
0.000199216,0.000135226,0.000107064,0.000282134,7.59E-05,0.000127158,0.000334649,0.000390875,0.000146485,0.00011252,0.000232796,0.000197557,0.000409391,0.000311432,0.000374628,0.000355229,0.000357052
0.000174129,0.000204325,0.00025073,0.000352833,0.000181997,0.000203034,0.000394019,0.000453196,0.00025589,0.000145435,0.00028507,0.000245732,0.000412439,0.000300885,0.000364566,0.000399848,0.000366009
0.00017444,0.000287962,0.00033268,0.000406583,0.000250579,0.000194867,0.00046914,0.000393718,0.000333701,0.00018395,0.000340695,0.000291141,0.000427069,0.000350525,0.00039834,0.000375132,0.000342497
0.000166918,0.000213501,0.000219977,0.000289623,0.000150302,0.000129969,0.000414642,0.000452581,0.000234415,0.000128208,0.000268557,0.0002103,0.000424523,0.00037422,0.000399986,0.000426585,0.000356882
0.000231187,0.000218553,0.000158263,0.000277991,0.00016567,0.000157256,0.000415121,0.000511448,0.000234861,0.000101885,0.000270252,0.000220049,0.000418392,0.000376666,0.000388996,0.000401926,0.000348489
0.000133329,0.000243487,0.000130573,0.000321147,0.0002139,0.000170937,0.000460533,0.000358553,0.000265232,0.000100307,0.000287543,0.000256902,0.000412846,0.000367327,0.000386063,0.000359446,0.000325621
0.000160469,0.000130945,7.45E-05,0.0002341,9.91E-05,8.97E-05,0.000402617,0.000340618,0.000152202,4.92E-05,0.000190742,0.000169337,0.0004011,0.000341621,0.000365753,0.000364162,0.0003685
0.000186546,0.000122115,0.000175516,0.000244065,8.91E-05,8.20E-05,0.000393717,0.000486803,0.000140579,8.75E-05,0.000195618,0.000171401,0.000394488,0.000309882,0.00033797,0.00035147,0.000345989
0.000157979,0.000244976,0.000357866,0.000384108,0.000226072,0.000157536,0.000485376,0.000497995,0.000278018,0.000174537,0.000322379,0.000288253,0.000391923,0.00028519,0.000337134,0.00033543,0.00034062
0.000176048,0.000172369,0.000283994,0.000321275,0.000175792,0.000140556,0.000401478,0.000428269,0.000209682,0.000115722,0.000245044,0.000228093,0.000389887,0.000282353,0.000331729,0.000350544,0.000334524
0.000167528,2.07E-05,7.62E-05,0.000162986,1.82E-05,8.63E-05,0.000273353,0.0004079,4.78E-05,7.31E-07,0.000107332,9.24E-05,0.000390102,0.000298732,0.000330602,0.00034643,0.000317174
0.000151895,0.000114634,6.23E-05,0.000234091,9.27E-05,0.00012162,0.00036033,0.000394034,0.000147746,4.52E-05,0.000199182,0.000171714,0.000388282,0.000296814,0.00033181,0.000332525,0.000301364
0.000128206,0.000230301,9.45E-05,0.000361722,0.000227719,0.00012899,0.000460956,0.000443664,0.000264183,0.000142042,0.000303922,0.000313887,0.000386831,0.000299088,0.000320358,0.000312127,0.000285365
0.000112801,0.000110089,2.56E-06,0.000265113,0.00012085,5.71E-05,0.000357715,0.000392511,0.000144559,8.27E-05,0.000214456,0.000256415,0.000388676,0.000293911,0.000326746,0.000284506,0.00027087
0.000112965,4.07E-05,-1.31E-05,0.000191899,4.61E-05,6.05E-05,0.000276453,0.000429239,7.93E-05,2.19E-05,0.00015774,0.000207164,0.00038744,0.000287905,0.000326799,0.000260443,0.000257069
0.000171976,0.000179992,0.000129001,0.00032424,0.00019101,0.00012617,0.000382671,0.000437954,0.000231004,7.29E-05,0.000283985,0.000337065,0.00038387,0.000269116,0.00031941,0.000242543,0.00025019
0.000143589,0.000248311,0.000173864,0.000402516,0.000275529,0.000110744,0.000447998,0.000423504,0.000313241,0.000114167,0.000364372,0.000427029,0.000379542,0.000268496,0.000313036,0.000248313,0.000246121
0.000172832,0.000213254,9.70E-05,0.000360683,0.000240541,8.42E-05,0.000413047,0.000411231,0.000267646,0.000121236,0.000343225,0.000408564,0.000374585,0.000273001,0.000302012,0.000234274,0.000240548
0.00011206,0.000280441,8.07E-05,0.000395181,0.000288727,0.00013293,0.000440177,0.000390501,0.00030562,0.000168856,0.000377121,0.000430992,0.000374348,0.000273487,0.000296159,0.000223775,0.000241806
0.000201996,0.000336892,0.000106102,0.000433374,0.000332076,0.000143321,0.000473653,0.000434928,0.000355045,0.000192065,0.000408393,0.000441554,0.000375598,0.000275495,0.000297814,0.000216183,0.000239042
0.000187141,0.000246803,9.12E-05,0.000336233,0.000237084,0.000103733,0.000391694,0.000411472,0.000278033,0.000118182,0.000326064,0.000327416,0.000379404,0.000276253,0.000301753,0.000215022,0.000253156
0.000235419,0.000204343,0.000123771,0.000277376,0.00018512,0.000137112,0.000355678,0.000417919,0.000232124,6.59E-05,0.000276291,0.000245699,0.000380265,0.000264695,0.000307829,0.000208538,0.000253882
0.000140001,0.000340524,0.000247973,0.00038844,0.00031606,0.000208019,0.000454949,0.000354367,0.000339745,0.000153637,0.000377313,0.000348217,0.000383577,0.000282416,0.000312769,0.000222397,0.000251297
0.000415336,0.000521929,0.000363599,0.000561517,0.000507341,0.000222199,0.000643239,0.00047335,0.000501838,0.000282837,0.00056806,0.000549666,0.000386415,0.000287245,0.000316623,0.000214345,0.000253328
0.000583975,0.000624811,0.000411872,0.000639129,0.000610468,0.000256161,0.000762215,0.000578899,0.000620788,0.000336083,0.000698437,0.00065937,0.000393498,0.000296004,0.000326283,0.000248316,0.000266372
0.000676412,0.00060073,0.000372565,0.000587496,0.000592861,0.000326135,0.000751714,0.000602837,0.000629698,0.000275693,0.000670108,0.000605758,0.000393847,0.000283777,0.000330949,0.000242041,0.000265862
0.000313396,0.000442952,0.000276634,0.000415516,0.000437121,0.000311663,0.000607861,0.000370615,0.000490946,0.000149112,0.00049981,0.000432904,0.000412072,0.000350447,0.000351637,0.000259421,0.000331283
0.000345417,0.000324715,0.000270672,0.000303548,0.000317366,0.000236733,0.000529224,0.00040997,0.000368789,0.000100849,0.000401201,0.000344799,0.000447555,0.000373282,0.000397033,0.000271689,0.000378527
0.00024397,0.000333693,0.000379692,0.000307763,0.000310296,0.000214204,0.000519558,0.00039145,0.000364068,0.000128546,0.000401362,0.000346528,0.000494064,0.000375907,0.000468412,0.000351433,0.000412247
0.000297818,0.000305016,0.000414776,0.000309764,0.000292232,0.000191779,0.000489396,0.000428525,0.00033435,0.00012381,0.000363162,0.000309718,0.000504414,0.00065652,0.000520256,0.000361923,0.000452335
0.000336355,0.000237828,0.000379735,0.000287494,0.000239929,0.000146218,0.000412167,0.000468449,0.00029112,9.20E-05,0.000318407,0.000256215,0.000503833,0.000679345,0.000550857,0.00039705,0.000441916
0.000221642,0.000334073,0.000434721,0.000413538,0.000344486,0.000192763,0.000518337,0.000415321,0.00040823,0.00014196,0.000452168,0.000362509,0.000483972,0.00064162,0.000533644,0.000385478,0.000411153
0.000287544,0.000458779,0.000490433,0.000522444,0.000454949,0.000300797,0.000617734,0.000476504,0.000538027,0.000216865,0.000558234,0.000457674,0.000457744,0.000577746,0.000480984,0.00040664,0.000397567
0.000208814,0.000379041,0.00037811,0.000444604,0.000382669,0.000328241,0.000563628,0.000368896,0.000439064,0.000195595,0.000454396,0.000387327,0.00043852,0.000355542,0.000421235,0.000392383,0.000371988
0.000301629,0.000283549,0.000262742,0.000346627,0.000262507,0.000329561,0.000517286,0.000440185,0.000376838,0.000151957,0.000373852,0.000279484,0.00043277,0.000337454,0.000418408,0.000378407,0.000349939
0.000288597,0.000350964,0.000238347,0.000422426,0.000326078,0.000379641,0.000584505,0.000445981,0.000464151,0.000172463,0.000407564,0.000302517,0.000429277,0.000332469,0.000401951,0.000406184,0.000350513
0.000262771,0.000381645,0.000153751,0.00049714,0.000356226,0.000377239,0.000644642,0.000450062,0.000494554,0.000177613,0.000433637,0.00032534,0.000425015,0.000369779,0.000404619,0.000370257,0.000326738
0.000361654,0.000372919,6.79E-05,0.000539105,0.000347235,0.000325049,0.00065448,0.000467519,0.000468715,0.000222346,0.000448792,0.000360429,0.00042364,0.000368046,0.000395523,0.000422984,0.000348896
0.000413603,0.000569567,0.000189217,0.000782166,0.000538421,0.000350717,0.00083736,0.000481555,0.000652575,0.000416014,0.000645958,0.000574312,0.000423682,0.000388904,0.000389319,0.000393533,0.0003352
0.000940484,0.000733038,0.000346284,0.000974032,0.000680498,0.000380976,0.000963467,0.000797665,0.000833911,0.000560348,0.000791774,0.000697883,0.000426339,0.000387034,0.000399018,0.000411849,0.00033217
0.00049023,0.000532362,0.000280455,0.000814319,0.000488142,0.000304932,0.000789804,0.000555589,0.000658431,0.000464039,0.000591538,0.000473358,0.000432966,0.00037721,0.000400873,0.000369053,0.000310349
0.000217636,0.000237037,0.000150647,0.000545092,0.000190063,0.000231167,0.00055682,0.00040282,0.000384717,0.000291802,0.000318419,0.000154701,0.000447837,0.000393065,0.000429364,0.000341697,0.000294784
0.000329995,0.00014987,0.000109845,0.000452516,9.67E-05,0.000222147,0.000410955,0.000449784,0.000250577,0.000218852,0.000185103,3.66E-05,0.000505877,0.00048142,0.000479212,0.000393426,0.000320959
0.000156465,0.000111449,6.36E-05,0.000415131,3.81E-05,0.0001751,0.00038134,0.000350747,0.000179657,0.00019606,0.000142052,1.76E-05,0.00053291,0.000548747,0.000561243,0.000359469,0.000302145
0.000139589,5.99E-05,2.06E-05,0.000349635,-2.84E-05,0.000132632,0.000315308,0.000376633,0.000131207,0.000176394,9.67E-05,7.02E-06,0.00052051,0.000499896,0.000582997,0.000426629,0.00033618
0.000137322,0.000184191,0.000107443,0.000477624,0.000123895,0.000203606,0.000375826,0.000438914,0.000255833,0.000233663,0.000213751,0.000179779,0.00050538,0.000484712,0.000565921,0.000421947,0.000322715
0.000186608,0.00026444,0.000166361,0.000549688,0.000195471,0.000280285,0.000435555,0.000477118,0.000376114,0.00025837,0.000335562,0.000295488,0.000475188,0.000481887,0.000542019,0.000383297,0.000305584
0.000169254,0.000125433,8.87E-05,0.000415154,9.07E-05,0.000285015,0.000288435,0.000460351,0.000252641,0.000181074,0.000215442,0.000209208,0.000420127,0.000337742,0.000412195,0.00037214,0.000318597
0.000172869,8.87E-05,0.000107959,0.000367893,7.04E-05,0.00032861,0.000243005,0.000413462,0.000235827,0.00014936,0.00019335,0.000179038,0.000397785,0.000330433,0.000353877,0.000337344,0.00030111
0.000121672,0.000196525,0.000203565,0.000403748,0.000153159,0.000364827,0.000305036,0.000374472,0.000343806,0.000170172,0.000262644,0.000244095,0.000391261,0.000341545,0.000342688,0.000427347,0.000355121
0.000175482,0.000134049,0.000131278,0.000280195,8.23E-05,0.00024575,0.000259139,0.000500246,0.000224782,8.69E-05,0.000167233,0.000194148,0.000384081,0.000291606,0.000317228,0.000385333,0.00033068
0.000104693,-2.72E-05,3.67E-05,7.24E-05,-9.21E-05,0.000106747,0.000165809,0.000367934,2.39E-05,-3.93E-05,2.45E-05,7.05E-05,0.000386129,0.000298176,0.000319218,0.000393877,0.000323253
0.000168969,-2.56E-05,0.000134919,4.67E-05,-8.15E-05,8.21E-05,0.000191237,0.000413115,1.39E-05,-6.77E-05,1.96E-05,6.61E-05,0.000385386,0.000283123,0.000321298,0.000367536,0.000311914
0.000165929,-9.91E-06,0.000279368,6.18E-05,-4.62E-05,4.21E-05,0.000218607,0.000404965,1.40E-05,-5.38E-05,2.92E-05,8.59E-05,0.000385412,0.000296079,0.000321614,0.000334829,0.000294259
0.000201933,-3.02E-05,0.000362023,3.23E-05,-6.66E-05,-1.06E-05,0.00024553,0.000411331,-3.48E-05,-4.97E-05,4.01E-05,9.78E-05,0.00038073,0.00027362,0.000315345,0.000303875,0.000278216
0.00020737,0.000122793,0.000448576,0.000125181,6.45E-05,7.79E-05,0.000364887,0.000389576,8.49E-05,1.55E-05,0.000174676,0.000232083,0.00037935,0.000279166,0.000308062,0.00027908,0.000265292
0.000250589,0.000276922,0.000375339,0.00020764,0.000197426,0.000183561,0.000440693,0.000414191,0.000209427,5.83E-05,0.000279498,0.000357113,0.000380632,0.000274691,0.000307086,0.000401398,0.00035911
0.000196418,0.000223918,9.29E-05,9.10E-05,0.000107443,0.000143481,0.000327563,0.000292944,0.000156528,-5.97E-06,0.000206606,0.000293905,0.000385662,0.000267327,0.000316205,0.000368398,0.000339476
0.000179718,0.000303375,-2.44E-05,0.000130931,0.000151401,0.000147213,0.000372056,0.000288052,0.000258238,3.40E-05,0.000266,0.000348867,0.00039045,0.000287681,0.000320806,0.000452903,0.000383074
0.000486124,0.000610556,0.000133714,0.000447289,0.000439249,0.000255478,0.000596559,0.000451764,0.00058541,0.000215584,0.000535443,0.000597904,0.00040019,0.000315048,0.000340006,0.000421343,0.000356975
0.000373239,0.000699883,0.000191356,0.000600946,0.000539831,0.000258396,0.000627403,0.000363704,0.000661214,0.000286589,0.000630252,0.000689961,0.000403186,0.00031722,0.000350111,0.000405183,0.000360424
0.000388827,0.000638952,0.00017885,0.000600563,0.000469787,0.000206145,0.000566452,0.000445857,0.000578073,0.000273183,0.00061114,0.000647023,0.000402938,0.000334681,0.000353963,0.000378902,0.000335906
0.000542156,0.000830828,0.000388972,0.000834408,0.000635074,0.000265577,0.000717049,0.000458603,0.000735156,0.000373358,0.000762931,0.00076715,0.000422337,0.000366117,0.000368025,0.000435949,0.000360582
0.000438861,0.000921366,0.000533374,0.000980686,0.000701792,0.000268921,0.00079062,0.000500384,0.000812989,0.000443716,0.000833649,0.000791001,0.000440318,0.000406364,0.00040729,0.000420419,0.00033992
0.000270584,0.000556094,0.000343077,0.000678213,0.000339571,0.000140235,0.000448567,0.000399098,0.000432922,0.000274737,0.000474778,0.000405909,0.000454905,0.000419913,0.000427413,0.000493873,0.000378047
0.000220724,0.000224983,0.000197112,0.000403416,1.16E-05,0.000120071,0.000163844,0.000359369,6.57E-05,2.90E-05,0.000133802,1.69E-05,0.00048158,0.000461826,0.000467878,0.00045266,0.000350697
0.000165943,0.000179544,0.000291859,0.000400416,-6.19E-05,0.000200598,0.000166649,0.000341648,-1.63E-05,-7.05E-05,6.70E-05,-9.13E-05,0.000495926,0.000470498,0.000521856,0.000415052,0.000336427
0.000215769,4.47E-05,0.000272462,0.000349106,-0.000181789,0.000164715,0.000126005,0.000471644,-0.000209127,-0.00015411,-4.50E-05,-0.000169128,0.000480862,0.000428868,0.000504354,0.000451349,0.000344272
0.000167338,-0.000138783,0.000103195,0.000236567,-0.000363466,0.000153275,6.10E-06,0.000389728,-0.000440268,-0.00018993,-0.000184797,-0.000258426,0.000464255,0.000408453,0.000484664,0.000417706,0.000328762
0.000194047,-6.36E-05,1.71E-06,0.000335456,-0.000303663,0.000286514,5.72E-05,0.000575989,-0.000379209,-6.88E-05,-0.000111165,-0.000140526,0.000443297,0.000372229,0.000453841,0.000392257,0.000327206
0.000215334,0.000102686,-6.14E-05,0.000526633,-0.000128663,0.000357391,0.000191832,0.000558887,-0.000196351,5.61E-05,7.24E-05,8.54E-05,0.000417593,0.000346191,0.000394937,0.000412488,0.000326623
0.000182775,0.000128945,-0.000167319,0.000575765,-8.58E-05,0.000337495,0.000232282,0.000520411,-0.000102891,8.65E-05,0.000179211,0.000181458,0.000400671,0.000285528,0.000355396,0.000371131,0.00030547
0.000173158,8.38E-05,-0.000248593,0.000489855,-0.000138086,0.000384147,0.000123957,0.000555842,-7.19E-05,1.63E-05,0.000143864,0.000111728,0.000395916,0.000293855,0.000339897,0.000336868,0.000288266
0.000133266,-2.32E-05,-0.00030039,0.00034712,-0.000244304,0.000337821,-9.44E-05,0.000614227,-0.000149104,-8.15E-05,-1.42E-05,-3.38E-05,0.000396727,0.000328864,0.000336719,0.000345138,0.000284134
0.000183853,-0.000139395,-0.000233293,0.000229497,-0.000366465,0.000113287,-0.000291356,0.000451791,-0.000274782,-8.55E-05,-0.000149826,-0.00012179,0.000397531,0.000347779,0.000342993,0.00031672,0.00027142
0.000114248,-8.03E-05,-1.41E-05,0.000293451,-0.000325076,-1.61E-05,-0.000333359,0.000617505,-0.000261668,6.08E-05,-0.000108488,-7.91E-05,0.000395578,0.000341162,0.000336952,0.000315058,0.000288319
0.000117341,-1.13E-05,9.92E-05,0.000373587,-0.000265912,1.34E-05,-0.000378307,0.000437438,-0.000266792,0.000165182,-5.97E-05,-7.98E-05,0.000392159,0.000311029,0.000335592,0.000284726,0.000272379
0.000132974,-2.14E-05,9.30E-05,0.00031134,-0.000251391,1.67E-05,-0.00045679,0.000379832,-0.000345803,9.33E-05,-4.12E-05,-8.26E-05,0.000389382,0.000300867,0.000328449,0.00027485,0.000270144
0.000145918,0.000331068,0.0004379,0.000471914,0.000121108,9.54E-05,-0.000117849,0.000374891,-3.48E-06,0.000142318,0.000338767,0.000277046,0.000383754,0.000276841,0.000319135,0.000246995,0.000255963
0.000323048,0.000819579,0.000870988,0.000653753,0.000603433,0.000315001,0.000335477,0.000666238,0.000478402,0.000200583,0.000810683,0.000737267,0.000378549,0.000272957,0.000307827,0.000237229,0.000251821
0.000155555,0.000607323,0.000582394,8.40E-05,0.00038653,0.000389329,0.000222615,0.000220784,0.000219218,-0.000209235,0.000602299,0.000608384,0.000375863,0.000274896,0.000299346,0.000216841,0.000240069
0.000532517,0.000167034,4.04E-05,-0.000532138,-7.28E-05,0.000369291,0.000119606,0.00051652,-0.000242174,-0.000453114,0.00018697,0.000257778,0.000375241,0.000274755,0.000299783,0.000239949,0.000247519
0.000657364,0.000670294,0.000316849,0.000128842,0.000369785,0.000593406,0.00091131,0.000114657,0.000297918,-1.60E-05,0.000617838,0.00056629,0.000387512,0.000292285,0.000303857,0.000265955,0.000334125
0.002010998,0.001743403,0.00111769,0.001396118,0.001349532,0.000886985,0.002209572,0.000916294,0.001414681,0.000879833,0.00152719,0.00120415,0.000394278,0.000328749,0.000328481,0.000256983,0.000313734
0.004648462,0.002365244,0.00157625,0.002303698,0.001913024,0.000966564,0.003102819,0.002116749,0.001963244,0.002083183,0.002079335,0.001448153,0.000424157,0.000380791,0.000356391,0.000252976,0.000298424
0.0012518,0.002606477,0.00176972,0.002952969,0.002274215,0.000960529,0.003519963,-1.67E-05,0.002102533,0.002836396,0.002497328,0.001581018,0.000472246,0.000466204,0.000429692,0.000547793,0.000623775
0.005771477,0.002887862,0.002076213,0.003131526,0.002463384,0.000977716,0.003500832,0.0026518,0.002270528,0.002760859,0.002549467,0.001686837,0.000630232,0.000839311,0.000594084,0.00094424,0.001004592
0.001422028,0.002633727,0.002104705,0.002435497,0.002188135,0.000816721,0.002903264,0.000261823,0.001891362,0.001937441,0.002375805,0.001262265,0.001013588,0.001236601,0.001030081,0.000979888,0.000941182
0.000877727,0.00185665,0.001776504,0.0011259,0.001426645,0.000582985,0.001799636,9.67E-05,0.00128107,0.001046223,0.001666084,0.000455402,0.001122257,0.00156414,0.001575375,0.001197716,0.001049629
0.000428184,0.001028627,0.001427845,0.000125324,0.001071272,0.000534107,0.000382308,0.000298004,0.000502405,-0.000229118,0.000838756,0.00028441,0.001576856,0.002221116,0.001964512,0.001257353,0.001451273
0.000324777,0.00101277,0.001216975,-0.00029017,0.000875753,0.000605303,0.000281147,0.000175864,0.000529085,-0.001002608,0.001045245,0.000885953,0.0016569,0.002511726,0.002555174,0.001433275,0.001443671
0.000453408,0.000590112,0.001081713,-0.000629031,0.000271248,0.000750598,-0.00017273,0.000739113,0.000563675,-0.000916805,0.000898828,0.000735236,0.00152839,0.002413371,0.002427725,0.001276418,0.001300967
0.000273084,0.000547284,0.001130183,-1.66E-07,0.000565563,0.001130764,0.000135199,0.000550079,0.000465902,-0.000264964,0.000663508,0.000797693,0.00113392,0.001653723,0.001783303,0.001153287,0.00114832
0.000389136,0.00092096,0.00124724,0.000939656,0.00062447,0.001563498,0.000512507,0.000332872,0.000894471,0.000331644,0.001059027,0.000611479,0.000987685,0.001544661,0.001640516,0.001003372,0.001012721
0.000283338,0.001206371,0.001029517,0.001574994,0.000968961,0.001775315,0.000433847,0.000488941,0.000711594,0.000892629,0.001010065,0.000595795,0.000574035,0.000617743,0.000755778,0.000912256,0.00091638
0.001249497,0.001619871,0.001205877,0.00197595,0.001157223,0.001907854,0.000573462,0.001028783,0.001050022,0.001159296,0.001369051,0.000631545,0.000493768,0.000488796,0.000586552,0.000864065,0.000886498
0.000320673,0.002049597,0.001525833,0.002138142,0.001410939,0.001969412,0.00087777,0.000500866,0.001591745,0.001147747,0.001783706,0.000665085,0.000463216,0.000443032,0.000494341,0.00085206,0.000818417
0.000326324,0.001827392,0.00130086,0.001756916,0.001299098,0.001661492,0.000547637,0.001092546,0.001469119,0.000779491,0.001569343,0.000487489,0.000454405,0.000414429,0.00048184,0.000774422,0.000743031
0.00039208,0.001257105,0.000848155,0.00112468,0.000815779,0.001247059,9.79E-05,0.00069736,0.000847331,0.000360123,0.001032459,0.000163512,0.000530059,0.000484404,0.000533024,0.000807652,0.000707057
0.000377936,0.001125828,0.000907432,0.001119321,0.000680903,0.001211952,0.000331662,0.000854334,0.000683599,0.000288909,0.000905112,9.04E-05,0.000540672,0.000641417,0.000609659,0.000714352,0.000636719
0.000834544,0.001018377,0.00109594,0.001181253,0.000557375,0.001278704,0.000451429,0.001109306,0.000614115,0.000316756,0.00080401,6.93E-05,0.000532643,0.000633049,0.000618051,0.000635484,0.000574225
0.000699156,0.000701091,0.00095893,0.001048148,0.000349336,0.001112963,0.000459014,0.000882396,0.000253823,0.000291849,0.000527269,1.22E-05,0.000524419,0.000635973,0.000611991,0.00067841,0.000563386
